<chart exportAction='download' exportFileName='OSA 18001' exportEnabled='1' exportAtClient='0' exportHandler='/includes/chartExport/FCExporter.php' chartRightMargin='15' showValues='0'  yAxisMinValue='0' yAxisMaxValue='10' adjustDiv='' numDivLines='10' caption='OSA 18001' chartleftmargin='15' yAxisName='Sections' xAxisName='Questions' bgColor='F1F1F1' canvasBorderThickness='1' canvasBorderColor='999999' plotFillAngle='330' plotBorderColor='999999' showAlternateVGridColor='1' divLineAlpha='0'><categories><category label='0'/></categories><dataset seriesName='Key Questions' showValues='0'>
<set  label='Key Questions' value='42' />
</dataset>
<dataset seriesName='OH&S policy' showValues='0'>
<set  label='OH&S policy' value='17' />
</dataset>
<dataset seriesName='Planning' showValues='0'>
<set  label='Planning' value='30' />
</dataset>
<dataset seriesName='Implementation and operation' showValues='0'>
<set  label='Implementation and operation' value='36' />
</dataset>
<dataset seriesName='Checking' showValues='0'>
<set  label='Checking' value='33' />
</dataset>
<dataset seriesName='Management review' showValues='0'>
<set  label='Management review' value='13' />
</dataset>
</chart>