<chart exportAction='download' exportFileName='MSR' exportEnabled='1' exportAtClient='0' exportHandler='/includes/chartExport/FCExporter.php' chartRightMargin='15' showValues='0'  yAxisMinValue='0' yAxisMaxValue='100' adjustDiv='' numDivLines='10' caption='MSR' chartleftmargin='15' yAxisName='Sections' xAxisName='Questions' bgColor='F1F1F1' canvasBorderThickness='1' canvasBorderColor='999999' plotFillAngle='330' plotBorderColor='999999' showAlternateVGridColor='1' divLineAlpha='0'><categories><category label='0'/></categories><dataset seriesName='Key Questions' showValues='0'>
<set  label='Key Questions' value='1' />
</dataset>
<dataset seriesName='Organization' showValues='0'>
<set  label='Organization' value='5' />
</dataset>
<dataset seriesName='Risk Management' showValues='0'>
<set  label='Risk Management' value='0' />
</dataset>
<dataset seriesName='Training' showValues='0'>
<set  label='Training' value='0' />
</dataset>
<dataset seriesName='Inspection' showValues='0'>
<set  label='Inspection' value='0' />
</dataset>
<dataset seriesName='Non Conformance' showValues='0'>
<set  label='Non Conformance' value='0' />
</dataset>
<dataset seriesName='Emergency' showValues='0'>
<set  label='Emergency' value='0' />
</dataset>
<dataset seriesName='Health' showValues='0'>
<set  label='Health' value='0' />
</dataset>
<dataset seriesName='Design and Purchasing' showValues='0'>
<set  label='Design and Purchasing' value='0' />
</dataset>
</chart>