<chart exportAction='download' exportFileName='IMS' exportEnabled='1' exportAtClient='0' exportHandler='/includes/chartExport/FCExporter.php' chartRightMargin='15' showValues='0'  yAxisMinValue='0' yAxisMaxValue='10' adjustDiv='' numDivLines='10' caption='IMS' chartleftmargin='15' yAxisName='Sections' xAxisName='Questions' bgColor='F1F1F1' canvasBorderThickness='1' canvasBorderColor='999999' plotFillAngle='330' plotBorderColor='999999' showAlternateVGridColor='1' divLineAlpha='0'><categories><category label='0'/></categories><dataset seriesName='Key Questions' showValues='0'>
<set  label='Key Questions' value='41' />
</dataset>
<dataset seriesName='Management System' showValues='0'>
<set  label='Management System' value='23' />
</dataset>
<dataset seriesName='Management Responsibility and Organization' showValues='0'>
<set  label='Management Responsibility and Organization' value='36' />
</dataset>
<dataset seriesName='Resources' showValues='0'>
<set  label='Resources' value='34' />
</dataset>
<dataset seriesName='Product Realization and Operation' showValues='0'>
<set  label='Product Realization and Operation' value='38' />
</dataset>
<dataset seriesName='Measurement Analysis and Improvement' showValues='0'>
<set  label='Measurement Analysis and Improvement' value='30' />
</dataset>
</chart>