<chart exportAction='download' exportFileName='ISO 9001' exportEnabled='1' exportAtClient='0' exportHandler='/includes/chartExport/FCExporter.php' chartRightMargin='15' showValues='0'  yAxisMinValue='0' yAxisMaxValue='10' adjustDiv='' numDivLines='10' caption='ISO 9001' chartleftmargin='15' yAxisName='Sections' xAxisName='Questions' bgColor='F1F1F1' canvasBorderThickness='1' canvasBorderColor='999999' plotFillAngle='330' plotBorderColor='999999' showAlternateVGridColor='1' divLineAlpha='0'><categories><category label='0'/></categories><dataset seriesName='Key Questions' showValues='0'>
<set  label='Key Questions' value='41' />
</dataset>
<dataset seriesName='Quality management system' showValues='0'>
<set  label='Quality management system' value='27' />
</dataset>
<dataset seriesName='Management responsibility' showValues='0'>
<set  label='Management responsibility' value='33' />
</dataset>
<dataset seriesName='Resource management' showValues='0'>
<set  label='Resource management' value='36' />
</dataset>
<dataset seriesName='Product realization' showValues='0'>
<set  label='Product realization' value='38' />
</dataset>
<dataset seriesName='Measurement, analysis and improvement' showValues='0'>
<set  label='Measurement, analysis and improvement' value='29' />
</dataset>
</chart>