<chart exportAction='download' exportFileName='ISO 20000' exportEnabled='1' exportAtClient='0' exportHandler='/includes/chartExport/FCExporter.php' chartRightMargin='15' showValues='0'  yAxisMinValue='0' yAxisMaxValue='10' adjustDiv='' numDivLines='10' caption='ISO 20000' chartleftmargin='15' yAxisName='Sections' xAxisName='Questions' bgColor='F1F1F1' canvasBorderThickness='1' canvasBorderColor='999999' plotFillAngle='330' plotBorderColor='999999' showAlternateVGridColor='1' divLineAlpha='0'><categories><category label='0'/></categories><dataset seriesName='Key Questions' showValues='0'>
<set  label='Key Questions' value='41' />
</dataset>
<dataset seriesName=' Requirements for a management system' showValues='0'>
<set  label=' Requirements for a management system' value='37' />
</dataset>
<dataset seriesName='Planning and implementing service management' showValues='0'>
<set  label='Planning and implementing service management' value='35' />
</dataset>
<dataset seriesName='Planning and implementing   new or changed services' showValues='0'>
<set  label='Planning and implementing   new or changed services' value='41' />
</dataset>
<dataset seriesName='Service delivery process' showValues='0'>
<set  label='Service delivery process' value='31' />
</dataset>
<dataset seriesName='Relationship processes' showValues='0'>
<set  label='Relationship processes' value='34' />
</dataset>
<dataset seriesName='Resolution processes' showValues='0'>
<set  label='Resolution processes' value='23' />
</dataset>
<dataset seriesName='Control processes' showValues='0'>
<set  label='Control processes' value='35' />
</dataset>
<dataset seriesName='Release process' showValues='0'>
<set  label='Release process' value='23' />
</dataset>
</chart>