<chart exportAction='download' exportFileName='Contributor' exportEnabled='1' exportAtClient='0' exportHandler='/includes/chartExport/FCExporter.php' chartRightMargin='15' showValues='0'  yAxisMinValue='0' yAxisMaxValue='100' adjustDiv='' numDivLines='10' caption='Contributor' chartleftmargin='15' yAxisName='Percentage(%)' xAxisName='Contributors Names' bgColor='F1F1F1' canvasBorderThickness='1' canvasBorderColor='999999' plotFillAngle='330' plotBorderColor='999999' showAlternateVGridColor='1' divLineAlpha='0'><categories><category label='0'/></categories><dataset seriesName='keshvathakur' showValues='0'>
<set  label='keshvathakur' value='95' />
</dataset>
<dataset seriesName='PeterMottershead' showValues='0'>
<set  label='PeterMottershead' value='0' />
</dataset>
</chart>