<chart exportAction='download' exportFileName='ISO 27001' exportEnabled='1' exportAtClient='0' exportHandler='/includes/chartExport/FCExporter.php' chartRightMargin='15' showValues='0'  yAxisMinValue='0' yAxisMaxValue='10' adjustDiv='' numDivLines='10' caption='ISO 27001' chartleftmargin='15' yAxisName='Sections' xAxisName='Questions' bgColor='F1F1F1' canvasBorderThickness='1' canvasBorderColor='999999' plotFillAngle='330' plotBorderColor='999999' showAlternateVGridColor='1' divLineAlpha='0'><categories><category label='0'/></categories><dataset seriesName='Key Questions' showValues='0'>
<set  label='Key Questions' value='41' />
</dataset>
<dataset seriesName='Information security management system' showValues='0'>
<set  label='Information security management system' value='32' />
</dataset>
<dataset seriesName='Management responsibility' showValues='0'>
<set  label='Management responsibility' value='35' />
</dataset>
<dataset seriesName='Internal ISMS audits' showValues='0'>
<set  label='Internal ISMS audits' value='0' />
</dataset>
<dataset seriesName='Management review of the ISMS' showValues='0'>
<set  label='Management review of the ISMS' value='8' />
</dataset>
<dataset seriesName='ISMS improvement' showValues='0'>
<set  label='ISMS improvement' value='42' />
</dataset>
</chart>