<chart exportAction='download' exportFileName='STOW' exportEnabled='1' exportAtClient='0' exportHandler='/includes/chartExport/FCExporter.php' chartRightMargin='15' showValues='0'  yAxisMinValue='0' yAxisMaxValue='10' adjustDiv='' numDivLines='10' caption='STOW' chartleftmargin='15' yAxisName='Sections' xAxisName='Questions' bgColor='F1F1F1' canvasBorderThickness='1' canvasBorderColor='999999' plotFillAngle='330' plotBorderColor='999999' showAlternateVGridColor='1' divLineAlpha='0'><categories><category label='0'/></categories><dataset seriesName='Key Questions' showValues='0'>
<set  label='Key Questions' value='41' />
</dataset>
<dataset seriesName='Element 1-HSE Management, Leadership and Accountability' showValues='0'>
<set  label='Element 1-HSE Management, Leadership and Accountability' value='36' />
</dataset>
<dataset seriesName='Element 2-Legal Requirements and Document Control' showValues='0'>
<set  label='Element 2-Legal Requirements and Document Control' value='41' />
</dataset>
<dataset seriesName='Element 3-Risk and Change Management' showValues='0'>
<set  label='Element 3-Risk and Change Management' value='51' />
</dataset>
<dataset seriesName='Element 4-Planning, Goals and Targets' showValues='0'>
<set  label='Element 4-Planning, Goals and Targets' value='49' />
</dataset>
<dataset seriesName='Element 5-HSE  Competency' showValues='0'>
<set  label='Element 5-HSE  Competency' value='34' />
</dataset>
<dataset seriesName='Element 6-Security' showValues='0'>
<set  label='Element 6-Security' value='35' />
</dataset>
<dataset seriesName='Element 7-Health and Hygiene' showValues='0'>
<set  label='Element 7-Health and Hygiene' value='36' />
</dataset>
<dataset seriesName='Element 8-Environmental Management' showValues='0'>
<set  label='Element 8-Environmental Management' value='29' />
</dataset>
<dataset seriesName='Element 9-Incident Reporting and Investigation' showValues='0'>
<set  label='Element 9-Incident Reporting and Investigation' value='33' />
</dataset>
<dataset seriesName='Element 10-Crisis and Emergency Management' showValues='0'>
<set  label='Element 10-Crisis and Emergency Management' value='22' />
</dataset>
<dataset seriesName='Element 10-Crisis and Emergency Management' showValues='0'>
<set  label='Element 10-Crisis and Emergency Management' value='22' />
</dataset>
</chart>