<chart exportAction='download' exportFileName='IMS SL' exportEnabled='1' exportAtClient='0' exportHandler='/includes/chartExport/FCExporter.php' chartRightMargin='15' showValues='0'  yAxisMinValue='0' yAxisMaxValue='100' adjustDiv='' numDivLines='10' caption='IMS SL' chartleftmargin='15' yAxisName='Sections' xAxisName='Questions' bgColor='F1F1F1' canvasBorderThickness='1' canvasBorderColor='999999' plotFillAngle='330' plotBorderColor='999999' showAlternateVGridColor='1' divLineAlpha='0'><categories><category label='0'/></categories><dataset seriesName='Key Questions' showValues='0'>
<set  label='Key Questions' value='0' />
</dataset>
<dataset seriesName='Leadership' showValues='0'>
<set  label='Leadership' value='18' />
</dataset>
<dataset seriesName='Context of the Organization' showValues='0'>
<set  label='Context of the Organization' value='0' />
</dataset>
<dataset seriesName='Support' showValues='0'>
<set  label='Support' value='2' />
</dataset>
<dataset seriesName='Planning' showValues='0'>
<set  label='Planning' value='0' />
</dataset>
<dataset seriesName='Operation' showValues='0'>
<set  label='Operation' value='0' />
</dataset>
<dataset seriesName='Performance and Evaluation' showValues='0'>
<set  label='Performance and Evaluation' value='0' />
</dataset>
<dataset seriesName='Improvement' showValues='0'>
<set  label='Improvement' value='0' />
</dataset>
<dataset seriesName='Management Review - Executive' showValues='0'>
<set  label='Management Review - Executive' value='0' />
</dataset>
</chart>