<?xml version="1.0"  encoding="utf-8"?><mainElement><element>
<id>4</id>
<elementStatus>0</elementStatus>
<elementName>PF190513012</elementName>
<elementKeyProcess>1</elementKeyProcess>
<elementCriticalProcess>1</elementCriticalProcess>
<elementDesc>Test decription added to check it process flow saves correctly></elementDesc>
</element>
<element>
<id>6</id>
<elementStatus>1</elementStatus>
<elementName>PF190520015</elementName>
<elementKeyProcess>1</elementKeyProcess>
<elementCriticalProcess>1</elementCriticalProcess>
<elementDesc>Test decription added to check it process flow saves correct...></elementDesc>
</element>
<element>
<id>9</id>
<elementStatus>0</elementStatus>
<elementName>PF190521021</elementName>
<elementKeyProcess>1</elementKeyProcess>
<elementCriticalProcess>1</elementCriticalProcess>
<elementDesc>Description></elementDesc>
</element>
<element>
<id>13</id>
<elementStatus>1</elementStatus>
<elementName>PF190527029</elementName>
<elementKeyProcess>1</elementKeyProcess>
<elementCriticalProcess>1</elementCriticalProcess>
<elementDesc>Description></elementDesc>
</element>
<element>
<id>15</id>
<elementStatus>1</elementStatus>
<elementName>PF190531038</elementName>
<elementKeyProcess>1</elementKeyProcess>
<elementCriticalProcess>1</elementCriticalProcess>
<elementDesc>Description></elementDesc>
</element>
<element>
<id>59</id>
<elementStatus>1</elementStatus>
<elementName>PF190828125</elementName>
<elementKeyProcess>1</elementKeyProcess>
<elementCriticalProcess>1</elementCriticalProcess>
<elementDesc>Test></elementDesc>
</element>
<element>
<id>68</id>
<elementStatus>1</elementStatus>
<elementName>PF190919150</elementName>
<elementKeyProcess>1</elementKeyProcess>
<elementCriticalProcess>1</elementCriticalProcess>
<elementDesc>Test></elementDesc>
</element>
<element>
<id>96</id>
<elementStatus>1</elementStatus>
<elementName>PF191005189</elementName>
<elementKeyProcess>1</elementKeyProcess>
<elementCriticalProcess>1</elementCriticalProcess>
<elementDesc>Description></elementDesc>
</element>
<element>
<id>111</id>
<elementStatus>1</elementStatus>
<elementName>PF191102212</elementName>
<elementKeyProcess>1</elementKeyProcess>
<elementCriticalProcess>1</elementCriticalProcess>
<elementDesc>Description></elementDesc>
</element>
</mainElement>