<chart exportAction='download' exportFileName='Module Completed Action' exportEnabled='1' exportAtClient='0' exportHandler='/includes/chartExport/FCExporter.php' chartRightMargin='15' showValues='0'  yAxisMinValue='0' yAxisMaxValue='10' adjustDiv='' numDivLines='10' caption='Module Completed Action' chartleftmargin='15' yAxisName='Actions' xAxisName='% age  of Completed Action' bgColor='F1F1F1' canvasBorderThickness='1' canvasBorderColor='999999' plotFillAngle='330' plotBorderColor='999999' showAlternateVGridColor='1' divLineAlpha='0'><categories><category label='0'/></categories><dataset seriesName='Contract' showValues='0'>
<set  label='Contract' value='0.00%' />
</dataset>
<dataset seriesName='Contract Reviews' showValues='0'>
<set  label='Contract Reviews' value='0.00%' />
</dataset>
<dataset seriesName='Equipment Calibration' showValues='0'>
<set  label='Equipment Calibration' value='0.00%' />
</dataset>
<dataset seriesName='Equipment Maintenance' showValues='0'>
<set  label='Equipment Maintenance' value='0.00%' />
</dataset>
<dataset seriesName='Context' showValues='0'>
<set  label='Context' value='0.00%' />
</dataset>
<dataset seriesName='DSE' showValues='0'>
<set  label='DSE' value='0.00%' />
</dataset>
<dataset seriesName='Manual Handling' showValues='0'>
<set  label='Manual Handling' value='0.00%' />
</dataset>
<dataset seriesName='Task' showValues='0'>
<set  label='Task' value='0.00%' />
</dataset>
<dataset seriesName='smart Fleet - Service' showValues='0'>
<set  label='smart Fleet - Service' value='0.00%' />
</dataset>
<dataset seriesName='Individual' showValues='0'>
<set  label='Individual' value='0.00%' />
</dataset>
<dataset seriesName='smart Fleet - Inspection' showValues='0'>
<set  label='smart Fleet - Inspection' value='0.00%' />
</dataset>
<dataset seriesName='smart Fleet - Inspection' showValues='0'>
<set  label='smart Fleet - Inspection' value='0.00%' />
</dataset>
<dataset seriesName='smart Fleet - Inspection' showValues='0'>
<set  label='smart Fleet - Inspection' value='0.00%' />
</dataset>
</chart>