<?xml version='1.0' encoding='UTF-8'?><chart><series><value xid='0'>Q1[12] </value>
<value xid='1'>Q2[12] </value>
<value xid='2'>Q3[12] </value>
<value xid='3'>Q4[12] </value>
<value xid='4'>Q5[13] </value>
</series><graphs>
<graph gid='0'  title='Pending' >
<value xid='0' >0</value>
<value xid='1' >0</value>
<value xid='2' >0</value>
<value xid='3' >0</value>
<value xid='4' >0</value>
</graph>
<graph gid='1'  title='Done' >
<value xid='0' >0</value>
<value xid='1' >0</value>
<value xid='2' >0</value>
<value xid='3' >0</value>
<value xid='4' >0</value>
</graph>
</graphs><labels><label lid='1'><x>0</x><y>25</y><align>center</align><text><![CDATA[<b>Smart-law Actions</b>]]></text></label><label lid='2'><x>205</x><y>226</y><align>center</align><text><![CDATA[<b>Number of Actions</b>]]></text></label></labels></chart>