<chart exportAction='download' exportFileName='Function Completed Action' exportEnabled='1' exportAtClient='0' exportHandler='/includes/chartExport/FCExporter.php' chartRightMargin='15' showValues='0'  yAxisMinValue='0' yAxisMaxValue='10' adjustDiv='' numDivLines='10' caption='Function Completed Action' chartleftmargin='15' yAxisName='Actions' xAxisName='% age  of Completed Action' bgColor='F1F1F1' canvasBorderThickness='1' canvasBorderColor='999999' plotFillAngle='330' plotBorderColor='999999' showAlternateVGridColor='1' divLineAlpha='0'><categories><category label='0'/></categories><dataset seriesName='Incident' showValues='0'>
<set  label='Incident' value='0.00%' />
</dataset>
<dataset seriesName='NCR' showValues='0'>
<set  label='NCR' value='0.00%' />
</dataset>
<dataset seriesName='Incident Investigation' showValues='0'>
<set  label='Incident Investigation' value='0.00%' />
</dataset>
<dataset seriesName='NCR Investigation' showValues='0'>
<set  label='NCR Investigation' value='0.00%' />
</dataset>
<dataset seriesName='Inspection' showValues='0'>
<set  label='Inspection' value='0.00%' />
</dataset>
<dataset seriesName='NCR-Non Conformity' showValues='0'>
<set  label='NCR-Non Conformity' value='0.00%' />
</dataset>
</chart>