<chart exportAction='download' exportFileName='Mangement Completed Action' exportEnabled='1' exportAtClient='0' exportHandler='/includes/chartExport/FCExporter.php' chartRightMargin='15' showValues='0'  yAxisMinValue='0' yAxisMaxValue='10' adjustDiv='' numDivLines='10' caption='Mangement Completed Action' chartleftmargin='15' yAxisName='Actions' xAxisName='% age of Completed Action' bgColor='F1F1F1' canvasBorderThickness='1' canvasBorderColor='999999' plotFillAngle='330' plotBorderColor='999999' showAlternateVGridColor='1' divLineAlpha='0'><categories><category label='0'/></categories><dataset seriesName='Gap Filling' showValues='0'>
<set  label='Gap Filling' value='0.00%' />
</dataset>
<dataset seriesName='MSR' showValues='0'>
<set  label='MSR' value='0.00%' />
</dataset>
<dataset seriesName='Document Alerts' showValues='0'>
<set  label='Document Alerts' value='0.00%' />
</dataset>
</chart>