<chart exportAction='download' exportFileName='.smart Fleet - Service For All.' exportEnabled='1' exportAtClient='0' exportHandler='/includes/chartExport/FCExporter.php' palette='5' caption='smart Fleet - Service For All' xAxisName='Quarters' yAxisName='Actions' numberPrefix='' showValues='0'  rotateValues='1' ><categories>
						<category label='This Qtr.' />
						<category label='Q3 [20]' />
						<category label='Q4 [20]' />
						<category label='Q1 [21]' />
						<category label='Total' />
						
					</categories><dataset seriesname='Pending' color='EEC999' >
			<set value='0' color='F39E31'/>
			<set value='0' />
			<set value='0' />
			<set value='0' />
			<set value='0' color='E3860D'/>
		</dataset><dataset seriesname='Done' color='BA9DEF'  >
			<set value='0'  color='63547F'/>
			<set value='0' />
			<set value='0' />
			<set value='0' />
			<set value='0'  color='4E445F'/>
			
		</dataset><dataset seriesname='Overdue' color='#ff0000' >
			<set value='0' />
			<set value='0' />
			<set value='0' />
			<set value='0' />
			<set value='0' />
			
		</dataset></chart>