<?xml version='1.0' encoding='UTF-8'?><chart><series><value xid='0'>Quarantine</value><value xid='1'>Repair</value><value xid='2'>Rework</value><value xid='3'>vendor</value><value xid='4'>Scrap</value><value xid='5'>Return</value><value xid='6'>Scrap</value></series><graphs><graph gid='1'><value xid='0'>4</value><value xid='1'>5</value><value xid='2'>6</value><value xid='3'>7</value><value xid='4'>8</value><value xid='5'>9</value><value xid='6'>10</value></graph></graphs><labels><label lid='1'><x>0</x><y>25</y><align>center</align><text><![CDATA[<b>MSR</b>]]></text></label><label lid='2'><x>5</x><rotate>true</rotate><y>250</y><align>center</align><text><![CDATA[<b>Questions</b>]]></text></label></labels></chart>