<?xml version='1.0' encoding='UTF-8'?><chart><series><value xid='0'><![CDATA[PF10091758]]></value><value xid='1'><![CDATA[PF10091756]]></value><value xid='2'><![CDATA[PF10091746]]></value><value xid='3'><![CDATA[PF10091760]]></value><value xid='4'><![CDATA[PF10091762]]></value><value xid='5'><![CDATA[PF10091764]]></value><value xid='6'><![CDATA[PF10091752]]></value><value xid='7'><![CDATA[PF10091743]]></value><value xid='8'><![CDATA[PF10091738]]></value><value xid='9'><![CDATA[PF10091726]]></value><value xid='10'><![CDATA[PF10091768]]></value><value xid='11'><![CDATA[PF10091750]]></value><value xid='12'><![CDATA[PF10091771]]></value><value xid='13'><![CDATA[PF10091733]]></value><value xid='14'><![CDATA[PF10091759]]></value><value xid='15'><![CDATA[PF10091753]]></value><value xid='16'><![CDATA[PF10091740]]></value><value xid='17'><![CDATA[PF10091747]]></value><value xid='18'><![CDATA[PF10091739]]></value><value xid='19'><![CDATA[PF10091725]]></value><value xid='20'><![CDATA[PF10091775]]></value><value xid='21'><![CDATA[PF10091748]]></value><value xid='22'><![CDATA[PF10091745]]></value><value xid='23'><![CDATA[PF10091727]]></value><value xid='24'><![CDATA[]]></value><value xid='25'><![CDATA[PF10091737]]></value><value xid='26'><![CDATA[PF10102002]]></value><value xid='27'><![CDATA[PF10091736]]></value><value xid='28'><![CDATA[PF10091749]]></value><value xid='29'><![CDATA[PF10091744]]></value><value xid='30'><![CDATA[PF10091754]]></value><value xid='31'><![CDATA[PF10091751]]></value><value xid='32'><![CDATA[PF10091770]]></value><value xid='33'><![CDATA[PF10091772]]></value><value xid='34'><![CDATA[PF10091774]]></value><value xid='35'><![CDATA[PF10091767]]></value><value xid='36'><![CDATA[PF10091757]]></value><value xid='37'><![CDATA[PF10091765]]></value><value xid='38'><![CDATA[PF10091761]]></value><value xid='39'><![CDATA[PF10091763]]></value><value xid='40'><![CDATA[PF10091734]]></value><value xid='41'><![CDATA[PF10091729]]></value><value xid='42'><![CDATA[PF10091730]]></value><value xid='43'><![CDATA[PF10091731]]></value><value xid='44'><![CDATA[PF10091732]]></value><value xid='45'><![CDATA[PF10091735]]></value><value xid='46'><![CDATA[PF10091741]]></value><value xid='47'><![CDATA[PF10091742]]></value><value xid='48'><![CDATA[PF110920183]]></value><value xid='49'><![CDATA[PF1009300007]]></value><value xid='50'><![CDATA[PF111019213]]></value><value xid='51'><![CDATA[PF110920169]]></value><value xid='52'><![CDATA[PF10091422]]></value><value xid='53'><![CDATA[PF110922195]]></value><value xid='54'><![CDATA[PF111023223]]></value><value xid='55'><![CDATA[PF111023221]]></value><value xid='56'><![CDATA[PF111023220]]></value><value xid='57'><![CDATA[PF111023219]]></value><value xid='58'><![CDATA[PF111023222]]></value></series><graphs><graph gid='1'><value xid='0' ><![CDATA[1   ]]></value><value xid='1' ><![CDATA[1   ]]></value><value xid='2' ><![CDATA[1   ]]></value><value xid='3' ><![CDATA[1   ]]></value><value xid='4' ><![CDATA[1   ]]></value><value xid='5' ><![CDATA[1   ]]></value><value xid='6' ><![CDATA[1   ]]></value><value xid='7' ><![CDATA[1   ]]></value><value xid='8' ><![CDATA[1   ]]></value><value xid='9' ><![CDATA[1   ]]></value><value xid='10' ><![CDATA[1   ]]></value><value xid='11' ><![CDATA[1   ]]></value><value xid='12' ><![CDATA[1   ]]></value><value xid='13' ><![CDATA[1   ]]></value><value xid='14' ><![CDATA[1   ]]></value><value xid='15' ><![CDATA[1   ]]></value><value xid='16' ><![CDATA[1   ]]></value><value xid='17' ><![CDATA[1   ]]></value><value xid='18' ><![CDATA[1   ]]></value><value xid='19' ><![CDATA[1   ]]></value><value xid='20' ><![CDATA[1   ]]></value><value xid='21' ><![CDATA[1   ]]></value><value xid='22' ><![CDATA[1   ]]></value><value xid='23' ><![CDATA[1   ]]></value><value xid='24' ><![CDATA[1   ]]></value><value xid='25' ><![CDATA[1   ]]></value><value xid='26' ><![CDATA[1   ]]></value><value xid='27' ><![CDATA[1   ]]></value><value xid='28' ><![CDATA[1   ]]></value><value xid='29' ><![CDATA[1   ]]></value><value xid='30' ><![CDATA[1   ]]></value><value xid='31' ><![CDATA[1   ]]></value><value xid='32' ><![CDATA[1   ]]></value><value xid='33' ><![CDATA[1   ]]></value><value xid='34' ><![CDATA[1   ]]></value><value xid='35' ><![CDATA[1   ]]></value><value xid='36' ><![CDATA[1   ]]></value><value xid='37' ><![CDATA[1   ]]></value><value xid='38' ><![CDATA[4   ]]></value><value xid='39' ><![CDATA[1   ]]></value><value xid='40' ><![CDATA[1   ]]></value><value xid='41' ><![CDATA[1   ]]></value><value xid='42' ><![CDATA[1   ]]></value><value xid='43' ><![CDATA[1   ]]></value><value xid='44' ><![CDATA[1   ]]></value><value xid='45' ><![CDATA[1   ]]></value><value xid='46' ><![CDATA[1   ]]></value><value xid='47' ><![CDATA[1   ]]></value><value xid='48' ><![CDATA[1   ]]></value><value xid='49' ><![CDATA[1   ]]></value><value xid='50' ><![CDATA[1   ]]></value><value xid='51' ><![CDATA[1   ]]></value><value xid='52' ><![CDATA[1   ]]></value><value xid='53' ><![CDATA[1   ]]></value><value xid='54' ><![CDATA[1   ]]></value><value xid='55' ><![CDATA[1   ]]></value><value xid='56' ><![CDATA[1   ]]></value><value xid='57' ><![CDATA[1   ]]></value><value xid='58' ><![CDATA[1   ]]></value></graph></graphs><labels><label lid='1'><x>0</x><y>25</y><align>center</align><text><![CDATA[<b>Total DSE Assessments</b>]]></text></label><label lid='2'><x>0</x><y>2335</y><align>center</align><text><![CDATA[<b>Number of Assessments</b>]]></text></label><label lid='3'><x>5</x><rotate>true</rotate><y>2305</y><align>center</align><text><![CDATA[<b>Processes</b>]]></text></label></labels></chart>