<?xml version='1.0' encoding='UTF-8'?><chart><series><value xid='0'>70&#176 to 90&#176 between forearm and upper arm</value>
<value xid='1'>Eyes cast downwards - 15&#176 to 20&#176</value>
<value xid='2'>Distance between VDU & forehead - 35cm to 70cm</value>
</series><graphs>
<graph gid='0'  title='Yes' >
<value xid='0' >28</value>
<value xid='1' >28</value>
<value xid='2' >28</value>
</graph>
<graph gid='1'  title='No' >
<value xid='0' >28</value>
<value xid='1' >28</value>
<value xid='2' >28</value>
</graph>
<graph gid='2'  title='NA' >
<value xid='0' >28</value>
<value xid='1' >28</value>
<value xid='2' >28</value>
</graph>
</graphs><labels><label lid='1'><x>0</x><y>25</y><align>center</align><text><![CDATA[<b>DSE VDU work Assessments</b>]]></text></label><label lid='2'><x>205</x><y>275</y><align>center</align><text><![CDATA[<b>Number of Selections</b>]]></text></label></labels></chart>