<?xml version='1.0' encoding='UTF-8'?><chart><series><value xid='0'>Is work-surface large enough to accommodate equipment?</value>
<value xid='1'>Work surface height to floor - 66cm to 73cm?</value>
<value xid='2'>Clearance between floor and desk =>62cm?</value>
</series><graphs>
<graph gid='0'  title='Yes' >
<value xid='0' >28</value>
<value xid='1' >28</value>
<value xid='2' >27</value>
</graph>
<graph gid='1'  title='No' >
<value xid='0' >28</value>
<value xid='1' >28</value>
<value xid='2' >27</value>
</graph>
<graph gid='2'  title='NA' >
<value xid='0' >28</value>
<value xid='1' >28</value>
<value xid='2' >27</value>
</graph>
</graphs><labels><label lid='1'><x>0</x><y>25</y><align>center</align><text><![CDATA[<b>DSE Workdesk Assessments</b>]]></text></label><label lid='2'><x>205</x><y>275</y><align>center</align><text><![CDATA[<b>Number of Selections</b>]]></text></label></labels></chart>