<?xml version='1.0' encoding='UTF-8'?><chart><series><value xid='0'>Is artificial light - level acceptable - 300 to 500 Lux?</value>
<value xid='1'>Is room lighting satisfactory for workstation?</value>
<value xid='2'>Is the noise level comfortable - < 60dBA?</value>
</series><graphs>
<graph gid='0'  title='Yes' >
<value xid='0' >27</value>
<value xid='1' >26</value>
<value xid='2' >25</value>
</graph>
<graph gid='1'  title='No' >
<value xid='0' >27</value>
<value xid='1' >26</value>
<value xid='2' >25</value>
</graph>
<graph gid='2'  title='NA' >
<value xid='0' >27</value>
<value xid='1' >26</value>
<value xid='2' >25</value>
</graph>
</graphs><labels><label lid='1'><x>0</x><y>25</y><align>center</align><text><![CDATA[<b>DSE Heat Ventilation Assessments</b>]]></text></label><label lid='2'><x>205</x><y>275</y><align>center</align><text><![CDATA[<b>Number of Selections</b>]]></text></label></labels></chart>