<?xml version='1.0' encoding='UTF-8'?><chart><series><value xid='0'>Adjustable back rest - height 17cm � 30cm</value>
<value xid='1'>Do feet touch the ground</value>
<value xid='2'>Are adjustment mechanisms easy to operate</value>
<value xid='3'>Stable chair - ie with 5 star base</value>
<value xid='4'>Adjustable back rest - tilt 90&#176-110&#176</value>
<value xid='5'>Seat Depth adequate - 38cm to 42 cm</value>
<value xid='6'>Adequate seat width - 40cm to 45cm</value>
<value xid='7'>Adequate back support</value>
<value xid='8'>Working swivel facility</value>
<value xid='9'>Adjustable back (height) and tilt</value>
<value xid='10'>Adjustable seat (height) - 38cm to 54cm</value>
<value xid='11'>Chair in good condition and undamaged</value>
<value xid='12'>Adjustable to size and shape</value>
<value xid='13'>Comfortable</value>
</series><graphs>
<graph gid='0'  title='Yes' >
<value xid='0' >25</value>
<value xid='1' >25</value>
<value xid='2' >25</value>
<value xid='3' >24</value>
<value xid='4' >25</value>
<value xid='5' >25</value>
<value xid='6' >24</value>
<value xid='7' >25</value>
<value xid='8' >25</value>
<value xid='9' >25</value>
<value xid='10' >25</value>
<value xid='11' >25</value>
<value xid='12' >25</value>
<value xid='13' >25</value>
</graph>
<graph gid='1'  title='No' >
<value xid='0' >25</value>
<value xid='1' >25</value>
<value xid='2' >25</value>
<value xid='3' >24</value>
<value xid='4' >25</value>
<value xid='5' >25</value>
<value xid='6' >24</value>
<value xid='7' >25</value>
<value xid='8' >25</value>
<value xid='9' >25</value>
<value xid='10' >25</value>
<value xid='11' >25</value>
<value xid='12' >25</value>
<value xid='13' >25</value>
</graph>
<graph gid='2'  title='NA' >
<value xid='0' >25</value>
<value xid='1' >25</value>
<value xid='2' >25</value>
<value xid='3' >24</value>
<value xid='4' >25</value>
<value xid='5' >25</value>
<value xid='6' >24</value>
<value xid='7' >25</value>
<value xid='8' >25</value>
<value xid='9' >25</value>
<value xid='10' >25</value>
<value xid='11' >25</value>
<value xid='12' >25</value>
<value xid='13' >25</value>
</graph>
</graphs><labels><label lid='1'><x>0</x><y>25</y><align>center</align><text><![CDATA[<b>DSE Chair Assessments</b>]]></text></label><label lid='2'><x>205</x><y>725</y><align>center</align><text><![CDATA[<b>Number of Selections</b>]]></text></label></labels></chart>