<chart exportEnabled='1' exportAtClient='1' exportAction='save' exportHandler='fcExporter1' exportFileName='MyFileName'  yAxisMinValue='0' yAxisMaxValue='10' adjustDiv='' numDivLines='10' caption='Under Contract Review Graph  for 2012' chartleftmargin='10' yAxisName='Number of Reviews' xAxisName='' bgColor='F1F1F1' showValues='0' canvasBorderThickness='1' canvasBorderColor='999999' plotFillAngle='330' plotBorderColor='999999' showAlternateVGridColor='1' divLineAlpha='0'><categories><category label='Contract Manager'/><category label='Manager Approver'/><category label='Director Approver'/></categories><dataset showValues='1' seriesName='Not Started' showValues='0'>
<set  color ='FFCC00' legendBgColor ='FFCC00' label='Not Started' value='0' />
<set color ='FF9600' label='Not Started' value='0' />
<set color ='FF6600' label='Not Started' value='0' />
</dataset>
<dataset showValues='1' seriesName='Completed' showValues='0'>
<set color ='66CC33' label='Completed' value='14' />
<set color ='339900' label='Completed' value='14' />
<set color ='336600' label='Completed' value='14' />
</dataset>
<dataset showValues='1' seriesName='Overdue' showValues='0'>
<set color ='FF0000' label='Overdue' value='0' />
<set color ='CC0000' label='Overdue' value='0' />
<set color ='990000' label='Overdue' value='0' />
</dataset>
</chart>