<chart exportAction='download' exportFileName='Contract Type Review Graph ' exportEnabled='1' exportAtClient='0' exportHandler='/includes/chartExport/FCExporter.php' chartRightMargin='15' showValues='0'  yAxisMinValue='0' yAxisMaxValue='10' adjustDiv='' numDivLines='10' caption='Contract Type Review Graph ' chartleftmargin='15' yAxisName='Number of Contracts' xAxisName='Score' bgColor='F1F1F1' canvasBorderThickness='1' canvasBorderColor='999999' paletteColors='FFCC00,336600,CC0000' plotFillAngle='330' plotBorderColor='999999' showAlternateVGridColor='1' divLineAlpha='0'><categories><category label='0'/></categories><dataset seriesName='Less than 2.5' showValues='0'>
<set  label='Less than 2.5' value='0' />
</dataset>
<dataset seriesName='2.5 - 3.5' showValues='0'>
<set  label='2.5 - 3.5' value='0' />
</dataset>
<dataset seriesName='> 3.5' showValues='0'>
<set  label='> 3.5' value='0' />
</dataset>
</chart>