<chart exportAction='download' exportFileName='Under Contracts Review Graph for 2020' exportEnabled='1' exportAtClient='0' exportHandler='/includes/chartExport/FCExporter.php' chartRightMargin='15' showValues='0'  yAxisMinValue='0' yAxisMaxValue='100' adjustDiv='' numDivLines='10' caption='Under Contracts Review Graph for 2020' chartleftmargin='15' yAxisName='Number of Reviews' xAxisName='' bgColor='F1F1F1' canvasBorderThickness='1' canvasBorderColor='999999' paletteColors='FFCC00,336600,CC0000' plotFillAngle='330' plotBorderColor='999999' showAlternateVGridColor='1' divLineAlpha='0'><categories><category label='Contract Manager'/><category label='Manager Approver'/><category label='Director Approver'/></categories><dataset showValues='1' seriesName='Not Started' showValues='0'>
<set  color ='FFCC00' legendBgColor ='FFCC00' label='Not Started' value='' />
<set color ='FF9600' label='Not Started' value='0' />
<set color ='FF6600' label='Not Started' value='0' />
</dataset>
<dataset showValues='1' seriesName='Completed' showValues='0'>
<set color ='66CC33' label='Completed' value='0' />
<set color ='339900' label='Completed' value='0' />
<set color ='336600' label='Completed' value='0' />
</dataset>
<dataset showValues='1' seriesName='Overdue' showValues='0'>
<set color ='FF0000' label='Overdue' value='0' />
<set color ='CC0000' label='Overdue' value='0' />
<set color ='990000' label='Overdue' value='0' />
</dataset>
</chart>