<chart exportEnabled='1' showLegend = '1'   exportAtClient='1' exportHandler='fcExporter1' chartRightMargin='15' showValues='0'  yAxisMinValue='0' yAxisMaxValue='10' adjustDiv='' numDivLines='10' caption='Contract Review Graph  for 2013' chartleftmargin='15' yAxisName='Number of Reviews' xAxisName='' bgColor='F1F1F1' canvasBorderThickness='1' canvasBorderColor='999999' plotFillAngle='330' plotBorderColor='999999' showAlternateVGridColor='1' divLineAlpha='0'><categories><category label='0'/></categories><dataset seriesName='Not Started' showValues='0'>
<set  label='Not Started' value='0' />
</dataset>
<dataset seriesName='Contract Manager Completed Reviews' showValues='0'>
<set  label='Contract Manager Completed Reviews' value='5' />
</dataset>
<dataset seriesName='Manager Approver Completed Reviews' showValues='0'>
<set  label='Manager Approver Completed Reviews' value='5' />
</dataset>
<dataset seriesName='Director Approver Completed Reviews' showValues='0'>
<set  label='Director Approver Completed Reviews' value='0' />
</dataset>
<dataset seriesName='Overdue' showValues='0'>
<set  label='Overdue' value='2' />
</dataset>
</chart>