<chart exportAction='download' exportFileName='Under CEO - Supplier Review Graph' exportEnabled='1' exportAtClient='0' exportHandler='/includes/chartExport/FCExporter.php' chartRightMargin='15' showValues='0'  yAxisMinValue='0' yAxisMaxValue='10' adjustDiv='' numDivLines='10' caption='Under CEO - Supplier Review Graph' chartleftmargin='15' yAxisName='Question Average' xAxisName='' bgColor='F1F1F1' canvasBorderThickness='1' canvasBorderColor='999999' plotFillAngle='330' plotBorderColor='999999' showAlternateVGridColor='1' divLineAlpha='0'><categories><category label='Questions'/></categories><dataset showValues='1' seriesName='Product Quality' showValues='0'>
<set  legendBgColor ='FFCC00' label='Product Quality' value='' />
</dataset>
<dataset showValues='1' seriesName='Service Quality' showValues='0'>
<set  legendBgColor ='FFCC00' label='Service Quality' value='' />
</dataset>
<dataset showValues='1' seriesName='Health and Quality' showValues='0'>
<set  legendBgColor ='FFCC00' label='Health and Quality' value='' />
</dataset>
<dataset showValues='1' seriesName='On time Delivery' showValues='0'>
<set  legendBgColor ='FFCC00' label='On time Delivery' value='' />
</dataset>
<dataset showValues='1' seriesName='Knowledge' showValues='0'>
<set  legendBgColor ='FFCC00' label='Knowledge' value='' />
</dataset>
<dataset showValues='1' seriesName='Reputation' showValues='0'>
<set  legendBgColor ='FFCC00' label='Reputation' value='' />
</dataset>
<dataset showValues='1' seriesName='Customer Focus' showValues='0'>
<set  legendBgColor ='FFCC00' label='Customer Focus' value='' />
</dataset>
<dataset showValues='1' seriesName='Customer Service' showValues='0'>
<set  legendBgColor ='FFCC00' label='Customer Service' value='' />
</dataset>
<dataset showValues='1' seriesName='Responsiveness' showValues='0'>
<set  legendBgColor ='FFCC00' label='Responsiveness' value='' />
</dataset>
</chart>