<chart exportAction='download' exportFileName='Contracts Review Graph for 2020' exportEnabled='1' exportAtClient='0' exportHandler='/includes/chartExport/FCExporter.php' chartRightMargin='15' showValues='0'  yAxisMinValue='0' yAxisMaxValue='100' adjustDiv='' numDivLines='10' caption='Contracts Review Graph for 2020' chartleftmargin='15' yAxisName='Number of Reviews' xAxisName='' bgColor='F1F1F1' canvasBorderThickness='1' canvasBorderColor='999999' paletteColors='FFCC00,66CC33,339900,336600,CC0000' plotFillAngle='330' plotBorderColor='999999' showAlternateVGridColor='1' divLineAlpha='0'><categories><category label='Reviews'/></categories><dataset seriesName='Not Started' showValues='0'>
<set  label='Not Started' value='' />
</dataset>
<dataset seriesName='Contract Manager Completed Reviews' showValues='0'>
<set  label='Contract Manager Completed Reviews' value='0' />
</dataset>
<dataset seriesName='Manager Approver Completed Reviews' showValues='0'>
<set  label='Manager Approver Completed Reviews' value='0' />
</dataset>
<dataset seriesName='Director Approver Completed Reviews' showValues='0'>
<set  label='Director Approver Completed Reviews' value='0' />
</dataset>
<dataset seriesName='Overdue' showValues='0'>
<set  label='Overdue' value='0' />
</dataset>
</chart>