<?xml version="1.0"  encoding="ISO-8859-1"?><locationData><parentElement>
<id>2</id>
<name>Ireland</name>
<risk>0</risk>
<bu>590</bu>
<childElements>
<id>12</id>
<childName>Ballina HQ.001</childName>
<risk>0</risk>
<bu>0</bu>
</childElements>
<childElements>
<id>13</id>
<childName>Athlone DTC</childName>
<risk>0</risk>
<bu>0</bu>
</childElements>
<childElements>
<id>14</id>
<childName>Cavan DTC</childName>
<risk>0</risk>
<bu>0</bu>
</childElements>
<childElements>
<id>15</id>
<childName>Castlebar DTC</childName>
<risk>0</risk>
<bu>0</bu>
</childElements>
<childElements>
<id>16</id>
<childName>Navan DTC</childName>
<risk>0</risk>
<bu>0</bu>
</childElements>
<childElements>
<id>17</id>
<childName>Wexford DTC</childName>
<risk>0</risk>
<bu>0</bu>
</childElements>
<childElements>
<id>18</id>
<childName>Mallow DTC</childName>
<risk>0</risk>
<bu>0</bu>
</childElements>
<childElements>
<id>19</id>
<childName>Cork DTC</childName>
<risk>0</risk>
<bu>0</bu>
</childElements>
<childElements>
<id>20</id>
<childName>Galway DTC</childName>
<risk>0</risk>
<bu>0</bu>
</childElements>
<childElements>
<id>21</id>
<childName>Finglas DTC</childName>
<risk>0</risk>
<bu>0</bu>
</childElements>
<childElements>
<id>22</id>
<childName>Loughrea HQ</childName>
<risk>0</risk>
<bu>0</bu>
<childElements>
<id>73</id>
<childName>Loughrea</childName>
<risk>0</risk>
<bu>642</bu>
</childElements>
</childElements>
<childElements>
<id>23</id>
<childName>Loughrea DTC</childName>
<risk>0</risk>
<bu>0</bu>
</childElements>
<childElements>
<id>24</id>
<childName>Monaghan DTC</childName>
<risk>0</risk>
<bu>0</bu>
</childElements>
<childElements>
<id>25</id>
<childName>Longford DTC</childName>
<risk>0</risk>
<bu>0</bu>
</childElements>
<childElements>
<id>26</id>
<childName>Dundalk DTC</childName>
<risk>0</risk>
<bu>0</bu>
</childElements>
<childElements>
<id>27</id>
<childName>Skibereen DTC</childName>
<risk>0</risk>
<bu>0</bu>
</childElements>
<childElements>
<id>28</id>
<childName>Naas DTC</childName>
<risk>0</risk>
<bu>0</bu>
</childElements>
<childElements>
<id>29</id>
<childName>Rathgar DTC</childName>
<risk>0</risk>
<bu>0</bu>
</childElements>
<childElements>
<id>30</id>
<childName>Waterford DTC</childName>
<risk>0</risk>
<bu>0</bu>
</childElements>
<childElements>
<id>31</id>
<childName>Wicklow DTC</childName>
<risk>0</risk>
<bu>0</bu>
</childElements>
<childElements>
<id>32</id>
<childName>Tullamore DTC</childName>
<risk>0</risk>
<bu>0</bu>
</childElements>
<childElements>
<id>33</id>
<childName>Tuam DTC</childName>
<risk>0</risk>
<bu>0</bu>
</childElements>
<childElements>
<id>34</id>
<childName>Tralee DTC</childName>
<risk>0</risk>
<bu>0</bu>
</childElements>
<childElements>
<id>35</id>
<childName>Tipperay DTC</childName>
<risk>0</risk>
<bu>0</bu>
</childElements>
<childElements>
<id>36</id>
<childName>Thurles DTC</childName>
<risk>0</risk>
<bu>0</bu>
</childElements>
<childElements>
<id>37</id>
<childName>Tallaght DTC</childName>
<risk>0</risk>
<bu>0</bu>
</childElements>
<childElements>
<id>38</id>
<childName>Sligo DTC</childName>
<risk>0</risk>
<bu>0</bu>
</childElements>
<childElements>
<id>39</id>
<childName>Shannon DTC</childName>
<risk>0</risk>
<bu>0</bu>
</childElements>
<childElements>
<id>40</id>
<childName>Raheny DTC</childName>
<risk>0</risk>
<bu>0</bu>
</childElements>
<childElements>
<id>41</id>
<childName>Newcastle west DTC</childName>
<risk>0</risk>
<bu>0</bu>
</childElements>
<childElements>
<id>42</id>
<childName>Mullingar DTC</childName>
<risk>0</risk>
<bu>0</bu>
</childElements>
<childElements>
<id>43</id>
<childName>Limerick Woodview DTC</childName>
<risk>0</risk>
<bu>0</bu>
</childElements>
<childElements>
<id>44</id>
<childName>Kilrush DTC</childName>
<risk>0</risk>
<bu>0</bu>
</childElements>
<childElements>
<id>45</id>
<childName>Killarney DTC</childName>
<risk>0</risk>
<bu>0</bu>
</childElements>
<childElements>
<id>46</id>
<childName>Kilkenny DTC</childName>
<risk>0</risk>
<bu>0</bu>
</childElements>
<childElements>
<id>47</id>
<childName>Gorey DTC</childName>
<risk>0</risk>
<bu>0</bu>
</childElements>
<childElements>
<id>48</id>
<childName>Carlow DTC</childName>
<risk>0</risk>
<bu>0</bu>
</childElements>
<childElements>
<id>49</id>
<childName>Churchtown DTC</childName>
<risk>0</risk>
<bu>0</bu>
</childElements>
<childElements>
<id>50</id>
<childName>Carrick-on-Shannon</childName>
<risk>0</risk>
<bu>0</bu>
</childElements>
<childElements>
<id>51</id>
<childName>Ennis DTC</childName>
<risk>0</risk>
<bu>2</bu>
</childElements>
<childElements>
<id>52</id>
<childName>Dungarvan DTC</childName>
<risk>0</risk>
<bu>0</bu>
</childElements>
<childElements>
<id>53</id>
<childName>Galway</childName>
<risk>0</risk>
<bu>590</bu>
</childElements>
<childElements>
<id>54</id>
<childName>Birr DTC</childName>
<risk>0</risk>
<bu>0</bu>
</childElements>
<childElements>
<id>55</id>
<childName>Buncranna DTC</childName>
<risk>0</risk>
<bu>0</bu>
</childElements>
<childElements>
<id>56</id>
<childName>Clifden</childName>
<risk>0</risk>
<bu>0</bu>
</childElements>
<childElements>
<id>57</id>
<childName>Donegal DTC</childName>
<risk>0</risk>
<bu>0</bu>
</childElements>
<childElements>
<id>58</id>
<childName>Dundalk DTC</childName>
<risk>0</risk>
<bu>0</bu>
</childElements>
<childElements>
<id>60</id>
<childName>Naas DTC</childName>
<risk>0</risk>
<bu>0</bu>
</childElements>
<childElements>
<id>61</id>
<childName>Nenagh DTC</childName>
<risk>0</risk>
<bu>0</bu>
</childElements>
<childElements>
<id>62</id>
<childName>Portlaoise DTC</childName>
<risk>0</risk>
<bu>0</bu>
</childElements>
<childElements>
<id>63</id>
<childName>Roscommon DTC</childName>
<risk>0</risk>
<bu>0</bu>
</childElements>
<childElements>
<id>64</id>
<childName>Clonmel DTC</childName>
<risk>0</risk>
<bu>0</bu>
</childElements>
<childElements>
<id>65</id>
<childName>Limerick 2, Castlemungret</childName>
<risk>0</risk>
<bu>643</bu>
<childElements>
<id>68</id>
<childName>Letterkenny</childName>
<risk>0</risk>
<bu>609</bu>
</childElements>
</childElements>
<childElements>
<id>71</id>
<childName>Ballina DTC</childName>
<risk>0</risk>
<bu>539</bu>
</childElements>
<childElements>
<id>74</id>
<childName>Bow Street</childName>
<risk>0</risk>
<bu>712</bu>
</childElements>
</parentElement>
<parentElement>
<id>69</id>
<name>LetterKenny</name>
<risk>1</risk>
<bu>609</bu>
</parentElement>
</locationData>
