"Contract Ref","Contract Title","Business Unit","Contract Manager","ST/T","End Date","Contractor",
"CT12110817","Intercede","ICT","Jonathan Kelly","Tender","2013-01-19","Intercede",
"CT12110715","Abtran","ICT","Jonathan Kelly","Tender","2013-01-19","Abtran",
"CT12110714","Gabriel Gormley Contractor ","ICT","Simon Buckley","Short Term","2013-01-19","Gabriel Gormley",
"CT12110713","Gabriel Gormley contractor","ICT","Simon Buckley","Short Term","2013-01-19","Gabriel Gormley",
"CT12110714","Biznet IIS","ICT","Jonathan Kelly","Tender","2013-01-19","Biznet IIS",
"CT12110713","IQ Content","ICT","Jonathan Kelly","Tender","2013-01-19","IQ Content",
"CT12110712","Avita Communications","ICT","David Kenny","Tender","2013-01-19","Avita Communications",
"CT12110710","Collins McNicholas","ICT","David Kenny","Tender","2013-01-19","Collins McNicholas",
"CT12110708","CRM support","ICT","gabriel gormley","Tender","2013-01-19","Vulcan Solutions",
"CT12110706","Eircom","ICT","David Kenny","Tender","2013-01-19","Eircom",
"CT12110704","Mobile telecoms provision","ICT","gabriel gormley","Tender","2013-01-19","O2",
"CT12110703","DTAS Support","ICT","gabriel gormley","Tender","2013-01-19","Fujitsu",
"CT12092002","Smart-iso","ICT","Aidan Cowan","Tender","2013-01-19","Smart-iso limited",
