Reference #,Company,Contract manager,Location,Approved Date,
CR11121428,office PRO,Eamonn Kennedy,Ireland,2011-12-14,
CR11112227,Fire Technology Ireland Ltd,Eamonn Kennedy,Ireland,2011-11-22,
CR11112226,Birch Hill Landscapes,Eamonn Kennedy,Ireland,2011-11-22,
CR11112225,CHAMPION fire defence systems,Eamonn Kennedy,Ireland,2011-11-22,
CR11112224,Lynch INTERACT,Eamonn Kennedy,Ireland,2011-11-22,
CR11112223,ALLSTAR SHREDDING,Eamonn Kennedy,Ireland,2011-11-22,
CR11112222,CJryderlawlor Limited,Eamonn Kennedy,Ireland,2011-11-22,
CR11112221,Burgolarm,Eamonn Kennedy,Ireland,2011-11-22,
CR11112220,Kilmoney Electrical Limited,Eamonn Kennedy,Ireland,2011-11-22,
CR11112219,Chubb Ireland limited,Eamonn Kennedy,Ireland,2011-11-22,
CR11112218,PHS Group PLC,Eamonn Kennedy,Ireland,2011-11-22,
CR11112217,Pickerings Europe,Eamonn Kennedy,Ireland,2011-11-22,
CR11112216,ACT Security,Eamonn Kennedy,Ireland,2011-11-22,
CR11112215,Em-Con Systems Ltd,Eamonn Kennedy,Ireland,2011-11-22,
CR11112214,Coleman Electronics Ltd,Eamonn Kennedy,Ireland,2011-11-22,
CR11112213,Whiriskey Refrigeration,Eamonn Kennedy,Ireland,2011-11-22,
CR11030910,Shred-it,Administrator  ,Ireland,2011-03-09,
CR11030908,Cube Fire & Security Systems Lt.d,Administrator  ,Ireland,2011-03-09,
CR11030903,Barry Williams Signs & Graphics,Administrator  ,Ireland,2011-03-09,
CR11030902,North West Vending,Administrator  ,Ireland,2011-03-09,
