Business Unit,Reference No.,DSE Tab,Action,Due Date,Assigned To,Done Date,
001 BALLINA DTC,DS11020701,Heat Ventilation,User has been advised to take rest brakes has had a VDU Test. User wears contacts.,02/28/2011 12:00 AM,Geraldine Browne,01/01/1900 : ,
001 BALLINA DTC,DS11020701,Chair,User has neck problem special ergonomic chair recommended by phhsiotherapist.,02/28/2011 12:00 AM,Geraldine Browne,01/01/1900 : ,
001 BALLINA DTC,DS11020701,Display Lising Devices,Monitor stand required,02/28/2011 12:00 AM,Geraldine Browne,01/01/1900 : ,
,DS00026,Heat Ventilation,Too warm at times, Desk fan required.,06/30/2010 12:00 AM,Geraldine Browne,01/01/1900 : ,
,DS00026,VDU work,Monitor this with user,06/30/2010 12:00 AM,Geraldine Browne,01/01/1900 : ,
,DS00025,Heat Ventilation,Too hot at times desk fan required.,06/30/2010 12:00 AM,Geraldine Browne,01/01/1900 : ,
,DS00025,VDU work,Monitor this with user,06/30/2010 12:00 AM,Geraldine Browne,01/01/1900 : ,
,DS00024,VDU work,Moitor this with user,06/30/2010 12:00 AM,Geraldine Browne,01/01/1900 : ,
,DS00023,Display Lising Devices,User informed to use whole arm.,06/30/2010 12:00 AM,Geraldine Browne,01/01/1900 : ,
,DS00022,General Safety,Access/Egress congested by printer.,06/30/2010 12:00 AM,Geraldine Browne,01/01/1900 : ,
,DS00022,Document Holder,Congested with printer, find new space for printer.,06/30/2010 12:00 AM,Geraldine Browne,01/01/1900 : ,
,DS00022,Display Lising Devices,Not enough space, bigger desk may be required.,06/30/2010 12:00 AM,Geraldine Browne,01/01/1900 : ,
,DS00022,Keyboard,Keyboard has to be turned at an angle due to insufficient desk space.,06/30/2010 12:00 AM,Geraldine Browne,01/01/1900 : ,
,DS00022,Keyboard,User has insufficent desk space. May need to be re-checked.,06/30/2010 12:00 AM,Geraldine Browne,01/01/1900 : ,
,DS00021,Heat Ventilation,Headaches due to photo sensitivity.,06/30/2010 12:00 AM,Geraldine Browne,01/01/1900 : ,
,DS00021,Heat Ventilation,Monitor with user desk fan may be required.,06/30/2010 12:00 AM,Geraldine Browne,01/01/1900 : ,
,DS00021,Display Lising Devices,Some irritation to user. Monitor this and contact I.T,06/30/2010 12:00 AM,Geraldine Browne,01/01/1900 : ,
,DS00020,Heat Ventilation,Do not suffer from eye strain or headaches.,06/30/2010 12:00 AM,Geraldine Browne,01/01/1900 : ,
,DS00020,VDU work,Monitor this with user,06/30/2010 12:00 AM,Geraldine Browne,01/01/1900 : ,
,DS00016,Display Lising Devices,Monitor this with user.,06/29/2010 12:00 AM,Geraldine Browne,01/01/1900 : ,
,DS00015,Heat Ventilation,Advice user on VDU eye test availability.,06/29/2010 12:00 AM,Anthony Harte,01/01/1900 : ,
,DS00015,Heat Ventilation,Advise user to order desk fan,06/29/2010 12:00 AM,Anthony Harte,02/07/2011 12:00 AM,
,DS00015,VDU work,Advise user to re-adjust monitor,06/29/2010 12:00 AM,Anthony Harte,01/01/1900 : ,
,DS00015,Display Lising Devices,User will request raiser if necessary,06/29/2010 12:00 AM,Geraldine Browne,01/01/1900 : ,
,DS00015,Display Lising Devices,Monitor this with user,06/29/2010 12:00 AM,Geraldine Browne,01/01/1900 : ,
,DS00003,Heat Ventilation,The NVDF Cpu needs to be moved to the other side of the desk away from the user.,12/16/2008 12:00 AM,Sandra Kelly,01/01/1900 : ,
