"EQ #","Business Unit","EQ Class","Who","Description",
"EQ12120441","Estate Management","","James Hickey","Fiat Ducato 35 L2M2 2.3L Diesel Van",
"EQ12120440","Estate Management","","James Hickey","Fiat Ducato L2M2 2.3L Diesel Van",
"EQ12120439","Estate Management","","James Hickey","Fiat Ducato 35 L2M2 2.3L Diesel.",
"EQ12120438","Estate Management","","James Hickey","Fiat Ducato 35 L2M2 2.3L Diesel",
"EQ12120437","Estate Management","","James Hickey","Renault Master LM35 2.5 Diesel",
"EQ12120436","Estate Management","","James Hickey","Renault Master LM35 2.5L Diesel",
"EQ12120435","Estate Management","","James Hickey","Nissan Quasqai 1.5 Diesel +2",
"EQ12120434","Estate Management","","James Hickey","Nissan Quasqai 1.5 Diesel +2",
"EQ12120333","Estate Management","","James Hickey","Honda Motorcycle. 599cc. White.",
"EQ12120332","Estate Management","","James Hickey","Honda Motorcycle. 680cc. White",
"EQ12120331","Estate Management","","James Hickey","Honda Motorcycle. 680cc. White",
"EQ12120330","Estate Management","","James Hickey","Honda Motorcycle. 680cc. White.",
"EQ12120329","Estate Management","","James Hickey","Honda Motorcycle. 249cc. White",
"EQ12120328","Estate Management","","James Hickey","Honda Motorcycle. 680cc. White.",
"EQ12120327","Estate Management","","James Hickey","BMW Motorcycle 652cc. White",
"EQ12120326","Estate Management","","James Hickey","BMW Motorcycle. 652cc. White",
"EQ12120325","Estate Management","","James Hickey","BMW Motorcycle. 652cc. White.",
"EQ12120324","Estate Management","","James Hickey","BMW Motorcycle. 652cc .White",
"EQ12120323","Estate Management","","James Hickey","BMW Motorcycle. 652cc. White",
"EQ12120322","Estate Management","","James Hickey","BMW Motorcycle. 652cc. White.",
"EQ12120321","Estate Management","","James Hickey","BMW Motorcycle  652cc White",
"EQ12120320","Estate Management","","James Hickey","B.M.W Motorcycle. 652cc White",
"EQ12120319","Estate Management","","James Hickey","B.M.W Motorcycle.652cc.White",
"EQ12120318","Estate Management","","James Hickey","B.M.W. Motorcycle. 652cc. White
",
"EQ12120317","Estate Management","","James Hickey","Toyota Avensis Estate, 5 Seater,Diesel,
11/MO/1467
",
"EQ12120316","Estate Management","","James Hickey","Toyota Avensis Estate, 5 Seater, Diesel,
11/MO/1466",
"EQ12112314","Estate Management","","James Ferguson","Toyota Avensis Estate, 5 seater, diesel, 11/MO/2430",
