"Risk Source Classification","Risk Source","Point(s) to be reviewed",
"Access & Egress","Floors - walking and working surfaces","Walking and working surfaces in good condition, marked, kept clear and unobstructed both inside and out?
Floors clean, orderly, and in sanitary condition?",
"Access & Egress","","Point(s) to be Reviewed",
"Access & Egress","Source","Point",
"Access & Egress","Reception/Waiting Area","test point",
"Access & Egress","Parking","",
"Access & Egress","Source","",
"Access & Egress","Source","test",
"Access & Egress","Source","Reviewed",
"Access & Egress","Ladders","Point",
"Biological","Bacteriological","Point(s) to be Reviewed",
"Chemicals","","first point",
"Chemicals","Use of chemicals/substances/fuels (inc. petrol)","Standard labels  legible, clearly visible and undamaged?
SDS are accessible and unexpired?",
"Chemicals","","Appropriate PPE available and properly used/stored as per company safety rules?",
"Chemicals","","Limited quantities (per good practice) and kept in fireproof cabinets?
Adequate spill containment, absorbent material and drainage provided?",
"Chemicals","","Adequate means of natural or artificial ventilation/extraction?
Ducting made from non combustible material to minimize fire risk?",
"Electrical","Condition of Electrical equipment","No unapproved heating or electrical equipment used which create a fire risk?",
"Electrical","","second point",
"Electrical","Mains","Generators are properly secured with no evidence of unauthorized access ",
"Electrical","Electrical sockets","Equipment plugged into approved electrical sockets",
"Emergency","Fire Safety Inspections","Fire/emergency alarm systems operational? Assured by regular testing?
Emergency lighting adequate, tested and fully operational?",
"Emergency","","Adequate, appropriate portable extinguishers/hose reels readily available and secured in the locations?",
"Emergency","First Aid Kits","Sufficient locations, adequately manned per internal standards/ legislation? Names of qualified attendants posted?",
"Emergency","First aid kits and boxes","No smoking rule enforced where necessary; signs posted?",
"Emergency","Emergency Evacuation Procedure","Action-in-case-of-fire notices posted throughout the facility?
Operational labels/signs posted on emergency controls (on-off etc.)?
Emergency instructions posted at primary telephones in work areas?",
"Emergency","","Adequate equipment properly located and in serviceable condition (especially respiratory/BA apparatus)?
",
"Environment (Protection)","Waste Disposal","Adequate numbers of appropriate refuse containers (bins/skips) available?
Safe disposal facilities for all wastes (ensure approved firms/dumps)?",
"Environment (Protection)","","Sufficient hazard warning/mandatory/prohibition/information signs posted?",
"Environment (Workplace)","Lighting levels","Walking and working areas adequately illuminated and Lighting fixtures kept clean?",
"Environment (Workplace)","Signs","Appropriate hazard warning/mandatory/prohibition/information signs posted?",
"Environment (Workplace)","Violence and Aggression","Stress factors (where relevant) controlled? Intervention program/me?
Employees protected against potential violence? Screens?",
"Environment (Workplace)","Stress nervous tension","Stress factors (where relevant) controlled? Intervention program/me?
Employees protected against potential violence? Screens?",
"Environment (Workplace)","","Adequate perimeter security. i.e. fencing, warning /â€staff onlyâ€ signs etc.?
Visitor/customer walkways clearly marked, away from traffic movement?",
"Environment (Workplace)","Temperature/ventilation","Comfortable temperature levels for office/sedentary work?
Walking and working areas adequately illuminated?
Lighting fixtures kept clean?
Lighting levels sufficient for close work?
Window blinds installed to prevent glare?",
"Handling","Handling Sharp Materials","General tools in good condition and properly stored.",
"Handling","Heavy Loads Manual Handling","Tasks mechanised / motorised where feasible?
Loads reduced in size / weight as far as is feasible?",
"Handling","Mobile and Material Handling","Only qualified operators/drivers permitted to drive any vehicle?
No obvious physical equipment defects in evidence. Pre-use checks made?",
"Handling","Stacking and Storage","Stacks appear generally stable and secure against collapse/sliding etc.
Aisles/passages kept clear of obstructions; good housekeeping generally?",
"Quality (Product/Services)","Controls","Controls are in place to ensure checks for product/service meeting specifications â€“ fit, form, function â€“ are carried out?
Ensure the checks on customer equipment and information protection are clear and understood?",
"Security","Material Security","Are there any hazardous or flammable materials, vulnerable electrical or water supplies in identified area?",
"Security","Monitoring and Review Controls","How are persons / vehicles entering and leaving monitored?",
"Security","Network and Application Security","Who has the computer environment documented and are there any critical hardware or devices in identified area?",
"Security","Physical Access Control","Is there a clear desk policy and a policy on securing cabinet/drawers  etc and are they being complied with.",
"Security","Physical Access Control","Who can physically enter the identified compound, area or room?
How is access to these areas given â€“ permanently and temporarily?",
"Tools & Equipment","","Proper storage of power tools when in use and when NOT in use?",
"Tools & Equipment","General PPE","PPE easily available via proper issue and recording system?",
"Tools & Equipment","","Proper earthing or double insulation on all electrical tools?",
"Workstations(DSE)","Ergonomic Factors","Equipment designed to allow normal body positions when seated / standing Repetitive strain injury (W.R.U.L.D.) risk controlled?",
