"Impact",
"Fatality "," Total Loss "," Total Ionization "," Corporate Closure "," Bankruptcy "," Rebellion",
"Long Term "," Manufacturer "," Global Impact "," Extremely Unhappy "," Legal Claims "," Disauiet",
"=>3 Days "," Contractor "," Regional Area Impact "," Unhappy "," Penalty Invoked "," Open Grumbling",
"< 3 Days "," Other Department "," Local Area Impact "," Happy "," Credit Limited "," Concern Raised",
"1st Aid "," Local Action "," Minor Impact "," Very Happy "," Acceptable Loss "," Awareness",
"No Injury "," No Damage "," No Loss "," Extremley Happy "," No Impact "," No Issue",
