"Number","Question","Subject",
"196","Is there an organizational and personnel database - employee address, photo, age, last place of employment etc","Design and Purchasing",
"195","Is there a Personnel control plan","Design and Purchasing",
"194","Is  equipment - especially contractors and sub-contractors - coming on site subjected to compliance and authorized for use checks?","Design and Purchasing",
"193","Does the company hold evidence of background character check and a character check register","Design and Purchasing",
"192","Are Random and with cause drug and alcohol tests conducted?","Design and Purchasing",
"191","Has the Drug and Alcohol policy been communicated throughout the organization?","Design and Purchasing",
"190","Does the company have a drugs and alcohol policy that complies with country regulations and corporate policy","Design and Purchasing",
"189","Does the contractor provide adequate two-way communication - especially on reporting outcomes of inspections, CAPA and non-conformance (Incident) and investigation history and provide detailed plans for  the management of the contract and contractors ?","Design and Purchasing",
"188","In reviewing the contractor for approval are factors such as Contractors access to a competent advisor/consultant, adequate insurance cover, legislative compliance, comprehensive risk assesement programme, communication protocols (ie client/contract meetings), inspections and effective corrective and preventive action programme for example taken into account?","Design and Purchasing",
"187","Are sub-contractors similarly approved (including - as required - sub-systems such as COR, STOW, AUOTT, PLEA etc) for use by contractor or company and has the Contractor got procedures to ensure program/me compliance from them?","Design and Purchasing",
"186","Is contractor selection (approval) based on a review of their IMS program/me/plan, their integrity, performance  and their suitability to perform work safely without impact to the environment etc. Are risk assessments provided to evidence the validity of the IMS programme?","Design and Purchasing",
"185","Are all (or designated) purchases checked for conformity on arrival?","Design and Purchasing",
"184","Are factors such as life cycle costs,  energy efficiency - with particular reference to environmental impact - and ergonomic impact taken into account, where relevant, before anything is purchased","Design and Purchasing",
"183","Is there  a detailed purchasing procedure that covers supplier approval and register, requirements for inventory of approved products for services and list of requirements - such as MSDS - for equipment in place to ensure legislative and corporate compliancecompliance with policy?","Design and Purchasing",
"182","Are all IMS records - especially incident and production records - readily available to facilitate investigation and product recall for example?","Design and Purchasing",
"181","Following accident/injury investigation are there clear instructions on identifying corrective action, linking them to the risk assessment program/me - for prioritization - assigning responsibilities for and monitoring action.","Emergency",
"180","Is there a detailed design procedure for product or services and does it take into account matters such as minimizing risk - using appropriate methodologies such as HAZOP, FMEA etc - or legislative requirements for example in manufacture and use and does the process include clear plans for verification and validation","Design and Purchasing",
"179","Are the arrangements for the transportation to the hospital clearly identified and communicated","Health",
"178","Are checks made to confirm skills/experience claimed carried out and effective?","Health",
"177","Are Resumes/CVs held for all critical personnel (managers, supervisors, foremen, HSE advisors, specialists etc) and verified to accurately reflect qualification and experience of incumbents","Health",
"176","Are post-employment medical examinations conducted?","Health",
"175","Is there a policy for pre-placement/return to work medical examinations carried out?","Health",
"174","Is there a good general healthcare program/me - including risk assessment and survelliance -  that ensures that health risk is considered alongside all other risk aspects of the tasks/processes?","Health",
"173","Is the working environment monitored for hazards -including health hazards and is there health surveillance of employees on known hazards?","Health",
"172","Are correct product and substance handling procedures used and are chemicals and all waste products disposed of in accordance with relevant MSDSs and legislation??","Health",
"171","Is there a detailed procedure (including training) for the handling of chemicals including risk assessment, provision of MSDS, correct storage, labelling and disposal, and health monitoring - as required and are the controls adequate in practice?","Health",
"170","Is the issue of PPE controlled, documented and used as a basis for the analysis of PPE use and are employees given instruction on proper fitting and use of PPE and Is a list/matrix of PPE requirements used to quantify PPE compliance?","Design and Purchasing",
"169","Have procedures/rules been developed to reduce occupational health risks and have appropriate (engineering, administrative or PPE) controls and good practice been provided and communicated and has training - especially on use and maintenance of H&S equipment -  been used to reduce any occupational health/chemical hazards??","Health",
"168","Are all occupational health hazards been identified - making use of qualified experts and/or sampling or analytical means -  and managed through risk assessments?","Health",
"167","Has the company followed through on emergency plans to the extent where they have developed full Business Continuity Plans with clear identification of what may occur and the role everyone has to play to help swiftest recovery feasible","Emergency",
"166","Are emergency plans available to all staff and have all employees been trained on, and understand, them","Emergency",
"165","Through the training needs analysis are there adequate numbers of trained and certified emergency response personnel - including first aiders and fire wardens - and are they available, with easy access to any emergency locations, first aid stations or equipment","Emergency",
"164","Are the majority of supervisors trained to emergency first-aid level?","Emergency",
"163","Is there a schedule for practice sessions (including drill sessions) - especially during induction/orientation - including use of emergency equipment carried out?","Emergency",
"162","Are emergency drills - whether required by law or identified by IMS  emergency readiness requirements - regularly (at least annually) carried out and corrective or preventive actions identified?","Emergency",
"161","Are formal reports written, analyzed and discussed at IMS  meetings on the effectiveness of drills","Emergency",
"160","Is adequate medical and first aid equipment provided, checked and easily accessed and are adequate communication facilities maintained - including the basics like emergency telephone numbers being posted at appropriate locations - for use during an emergency??","Emergency",
"159","Is there a documented schedule for emergency response drills and does it include an analysis of the adequacy and regular testing and inspection of fire alarms and fire-fighting equipment and spill absorbing equipment provided.","Emergency",
"158","Are ALL those in the workplace - including visitors - aware of the actions that must be taken in the event of an emergency and of the aqdequate means of escape provided confirming that these means of escape are fully operational","Emergency",
"157","Is there a process in place to identify reasonably foreseeable emergency or disaster situations and a survey of appropriate emergency equipment needs been carried out to enure that there are adequate means of raising the alarm, that the nature of emergency lighting is adequate and that they are all regularly tested??","Emergency",
"156","Do emergency plans identify potential consequences from emergency situations and list and document how operations will be restored following a disaster and do emergency services have input into emergency program/mes?","Emergency",
"155","Are resources defined for emergency plans tested periodically","Emergency",
"154","Do emergency plan/s include mutual aid agreement/s with other company/ies and identify assistance required/available from external emergency response services such as fire, ambulance, police, crisis/disaster teams and with especial reference to provision of personnel or equipment when operating off-site whether in control or not?","Emergency",
"153","Is there adequate first aid coverage - including provision of stretchers and blankest for example - at all locations, for all shifts and covering all potential needs such as occupational health? In addition, do emergency plan/s list PR duties and cover  protection of vital records, models, etc.?","Emergency",
"152","Does the emergency planning identify and list realistic environmental and safety emergency scenarios that could be encountered?","Emergency",
"151","Has the emergency plan been developed based on realistic scenarios that include foreseeable environmental impact issues ","Emergency",
"150","Are emergency actions to be taken by persons in general and specific  - especially those in key control positions - covered in the plan, available and is there evidence that they have been adequately communicated?","Emergency",
"149","Have emergency plans been drawn up - taking into account company processes and procedures, nature and size of the company, special needs of employees and visitors and impact both to and from external sources (such as neighbouring businesses) as a result of emergency arising`s - to ensure and show how adequate resources are provided? This may include such matters as labelling and testing critical valves, switches, cut-outs, etc ","Emergency",
"148","Has a custodian been appointed to keep emergency plan/s updated and have emergency plans been drawn up from, and reviewed after, actual / simulated emergencies and scenarios as well as to ensure legislative compliance?","Emergency",
"147","Is there evidence of corrective action taken after all incidents and Are follow-up checks made to ensure that corrective action is permanent?","Non Conformance",
"146","Are routine (at least monthly) on outstanding actions sent - or verbally given - to managers?","Non Conformance",
"145","Are previous risk assessments, instructions or rules reviewed if site conditions change - especially after incidents?","Non Conformance",
"144","Is risk assessment used to prioritize preventive and corrective action and give a validity period? Are sub-standard conditions assessed as to risk?","Non Conformance",
"143","Are troubleshooting teams set up to address action on serious/recurring accidents?","Non Conformance",
"142","Are all  employees - especially supervisors - informed on the process for notification of all critical or HiPo incidents?","Non Conformance",
"141","Does management visit a HiPo incident scene within 12 hours and co-ordinate actions after such an incident including communication to relevant personnel, committes etc?","Non Conformance",
"140","Are off-site work and non-work related  incidents/accidents recorded, analyzed and reported on?","Non Conformance",
"139","Is there a process to analyze direct, underlying and root causes of ALL non-conformances/incidents.occurrences looking to suitable control measures (including the ability to stop operations)  to prevent recurrence and using valid statistical means to draw conclusions?","Non Conformance",
"138","Are records - such as lost time injuries/illnesses/incidences/non-conformances checked to ensure 100% incident reporting and analyzed for frequency and severity rates?","Non Conformance",
"137","Is there a clear process for deciding the depth of investigation and Is there a form provided for initial and detailed investigation of serious/critical accidents/incidents and does it capture the facts and suggest corrective action?","Non Conformance",
"136","Is there a process to ensure that incidents are adequately reported, investigated, evaluated and managed by competent persons to the appropriate external authority if required?","Non Conformance",
"135","Is a checklist used during final inspection clearance of products?","Inspection",
"134","Is other equipment (not subject to statutory examination) regularly checked against a checklist (showing its location, frequency of inspection, inspection status etc.) and recorded?","Inspection",
"133","Is examination of all equipment subject to statutory check, tracked?","Inspection",
"132","Is there a system for documenting evidence of successful IMS performance in this program/me?","Inspection",
"131","Are IMS /NCR (Non-conformance, including Hazard, Close Call and Alerts) report/suggestion forms, easily available to all employees and are the results communicated adequately and  employees encouraged to participate in this program/me?","Inspection",
"130","Is there a list of all equipment needing pre-use checks available (eg vehicles) long with standards set for such chekcs and effective tick-lists used by operators for carrying out pre-use checks?","Inspection",
"129","Is a preventive maintenance program/me in operation where break-down data is used to identify needs and an iventory of preventive activities available?","Inspection",
"128","Have Corrective and Preventive actions been identified and appropriate analyses used to focus on underlying causes and approve suitable action?","Inspection",
"127","Pre-planned schedules have been established for inspections, audits and preventive maintenance program/mes by managers, JHSC etc with a clear understanding of responsibilities and based on relevant standards and legislation","Inspection",
"126","Are there clearly defined IMS  measurement criteria and is it documented, subsequent training recorded and appropriate check-lists generated for inspections, audits and preventive maintenance activities","Inspection",
"125","Do the inspections and site visits carried out by the Program/me Co-ordinator and managers include remote areas and ensure that completed checklists are analyzed to identify persistent hazards??","Inspection",
"124","Is there a requirement for physical conditions/hazard inspections and site reviews to be carried out and actions monitored by front-line or middle managers across all locations?","Inspection",
"123","Is there a well structured and recordable approach - including checklists - to discuss and analyze IMS aspects of work and reviews of the competence of personnel carrying out the tasks and processes","Inspection",
"122","Are managers required to review inspection reports and - being aware of outstanding actions - review the mitigation work carried out under their control","Inspection",
"121","Are appropriate physical conditions standards  - including appropriate checklists to record hazards (aspects) - established and used by managers/supervisors/employees?","Inspection",
"120","Does the Company produce a newsletter with regularly focus on program/me issues?","Training",
"119","Is there a Team Talk programme in operation by supervisors and managers that includes hand-outs, follow up on actions raised and - where necessary - a one on one communication approach.","Training",
"118","Is the policy clear on return to work incorporating such aspects as contacting the worker in his/her absence, modifying work requirements etc?","Training",
"117","Are ALL employees given program/me refresher training at clearly indicated and recorded frequencies?","Training",
"116","Where licences are required - for example vehicles, fork lift tircks etc - are they issued on completion of training and testing and is there a system in place to manage renewal?","Training",
"115","Are written tests used to verify understanding of training where required and are on-the-job checks carried out to verify compliance with training received?","Training",
"114","Are major or significant courses evaluated by random observations and by reviewing "delayed" feed-back - by participants.?","Training",
"113","Are courses adequately prepared in terms of outlines (lesson plans), presentation equipment, venues, handouts and course materials","Training",
"112","Are relevant task analyses, procedures, instructions, incident data and rules used in training?","Training",
"111","Through Training records can it be established that at least 75% of established training needs been met?","Training",
"110","Is training provided by competent, qualified  persons  (internal or external) and in a timely manner for both initial and refresher training and does the training content and methods consider personal factors such as learning ability, language functionality and literacy","Training",
"109","Have repeat training needs been identified by using training course feed-back?","Training",
"108","Are training program/mes evaluated and modified as required to meet the needs of the organization and its personnel and is full use made of questionnaires completed by all to identify training needs?","Training",
"107","Have IMS familiarization training needs been identified from relevant risk assessments and incident data?","Training",
"106","Has the company adopted Basic Offshore Safety Induction and Emergency Training (BOSIET) and incorporated medical examinations to meet the requirements of the UKOOA Medical Guidelines into the programme.","Training",
"105","Are initial task instructions given to all employees to cover their responsibilities and risk - including stopping work and are follow-up checks made on all employees recently instructed on new tasks?","Training",
"104","Are all employees tested orally or in writing after induction/refresher training in relevant rules?","Training",
"103","Do all new/transferred employees receive Departmental or Job induction and are all existing employees refreshed annually in all relevant rules?","Training",
"102","Are personnel checked - through record checks, verification interviews and observation for competence - against their established duties - on the basis of appropriate education, training, skills and experience?","Training",
"101","Have all internal IMS  auditors been trained effectively and evidenced competence?","Training",
"100","Does the Organisation have a process to qualify trainers and does the training include people management skills??","Training",
"99","Have all - especially new - managers and employees received general/company induction and does the training include an adequate understanding of the concepts of safe systems of work, hazard identification and risk assessment to enable them to recognize and take appropriate action to prevent personal, physical or financial impact","Training",
"98","Have all managers been trained in Inspection, investigation, incident causation and root cause analysis technique?","Training",
"97","Regularly encourages off the job health and safety activities for all workers","Training",
"96","From the documented or digital records of training needs analysis has management and supervisors at all levels and emergency response personnel been trained in the IMS  Management System - including emergency response plans?","Training",
"95","Does the company have a comprehensive IMS  training - including leadership and needs analysis- program/me plan covering subject such as (but not limited to) Control of work,  Risk Assessment, Emergency response, Defensive Driving, non-conformance (Incident) - prevention, reporting and investigation - environmental awareness, PPE, I<S, management training etc)","Training",
"94","when the organization is the site controller on a project, is there evidence of providing risk assessment process specialist to facilitate risk assessments","Risk Management",
"93","When the organization works as part of a multi-organizational group, is there evidence for agreeing risk assessment process to be used on the project","Risk Management",
"92","Does the organization have a way for reviewing the effectiveness of the risk assessment process","Risk Management",
"91","Is there a comprehensive commendation/discipline  policy and is it effectively being applied where team AND  individual success is recognized?","Risk Management",
"90","Is there evidence of compliance/non-compliance with rules evidencing the implementation of the commendation/discipline system?","Risk Management",
"89","Are managers issued with and trained on guidance on effective and progressive  discipline and commendation and is this communicated to all employees?","Risk Management",
"88","Are provisions for employee and representative participation established in an agreement and all employees understand their rights to stop unsafe work?","Risk Management",
"87","Has a survey of work and entry permit system requirements been carried out - including identification of confined spaces - and entry/work permits procedures, developed, implemented and communicated (including training)","Risk Management",
"86","Have the appropriate task-based rules been developed, effectively communicated/explained and documented for matters such as safe manual handling of heavy loads, protection of network services, mechanical handling  or  handling of hazardous chemicals?","Risk Management",
"85","Is there a process for developing, distributing and communicating appropriate rules - such as method statements - identified from critical and other tasks and do all employees/trade unions have formal input into them ??","Risk Management",
"84","Do routine operating procedures and work instructions include control measures produced through task analyses and are they distributed and communicated effectively?","Risk Management",
"83","Have processes, treatments and services been identified and assessed as to the risk of malfunction, failure-to-danger, collapse etc., thereby identifying appropriate control measures?","Risk Management",
"82","To what percentage are the schedule objectives targets met (by deadline, by whom etc.) ie what percentage of the critical task detailed analysis program/me is complete?","Risk Management",
"81","Does the Organisation have a system preventing multiple critical positions to be held by newly promoted or newly employed personnel?","Risk Management",
"80","Is there a schedule for detailed analysis of identified critical tasks with specific assignments, dates for completion and minimizing multiple critical positions?","Risk Management",
"79","Are the critical aspects of the job occupations / trades / workstations - job safety analysis - such as likelihood and impact of accidents/ill health etc identified.","Risk Management",
"78","Where recommendations are not accepted are reasons provided for not acting on or accepting them?","Risk Management",
"77","When tasks are performed, is a list available which breaks down the organizations activities and safeguards by individual job or workstation?","Risk Management",
"76","Are all risks recorded and maintained in a register that is reviewed and updated at least annually","Risk Management",
"75","Are subject specialists brought in to be part of the risk assessment team when necessary?","Risk Management",
"74","Do senior management involve workers or worker representatives - with relevant knowledge, experience and training - in risk/hazard assessments and consider their recommendations for alternatives and options","Risk Management",
"73","Does the risk assessment program/me help the organization achieve its objectives and targets bringing in subject specialists as necessary?","Risk Management",
"72","Does the hierarchy of controls take into account factors such as the nature and risk associated with the work processes, how well they can be controlled, or tolerated or meet requirements of legislation.","Risk Management",
"71","Does the risk assessment program/me have a methodology for identifying,  quantifying and managing risks as significant, or not, that incorporate the ideals of a hierarchy of controls and a quantum (Likelihood and Impact) of risk","Risk Management",
"70","Does the company have a comprehensive risk assessment program/me that is process/activity - including  identifying critical tasks and sub-standard conditions - based and does the system have a way for reviewing the effectiveness of the risk assessment process","Risk Management",
"69","Does the organization monitor information and feedback relating to communication with clients/customers perception to ensure it has met - if not exceeded - requirements?","Organization",
"68","Are clients/customers expectations and requirements - especially for customer care - determined and company performance measured that involve the appropriate level - especially senior - of management through, for example, forums, meetings, routine communications on company, client or customer sites","Organization",
"67","Does the company have a process for identifying IMS  aspects in line with the countries legal requirements?","Organization",
"66","Are Managers and Supervisors encouraged to discuss the IMS  performance of their operations and functions","Organization",
"65","Do you have an information library which contains an adequate supply of training material, equipment catalogues and specialized services catalogues, readily accessible?","Organization",
"64","is there evidence that the process does identify current and pending legislation","Organization",
"63","To aid conformance do you maintain an information library - and register - including identifying and obtaining copies of legislation, standards, (approved) codes of practice and guidelines, which is up to date and readily accessible?","Organization",
"62","Does monitoring and measurement provide for pro-active and re-active monitoring and analysis of SEQI performance.","Organization",
"61","Do monthly (or at least bi-monthly) meetings take place at which the current status of program/me implementation is discussed including discussion of previous periods accidents  and inspections for example?","Organization",
"60","Does the management report recommend changes to the management system, policy, procedures, use of resources, objectives and targets, ensure policy statement(s) are reviewed - at least annually - and re-issued and provide a way to communicate its findings.","Organization",
"59","Have the potential personal and practical impacts of non-compliance with or non-conformance to, IMS  policies, procedures and processes been identified, clearly documented and expected behaviours and potential consequences unequivocally communicated to ALL employees?","Organization",
"58","Does the review process gather information about all aspects of the management program/me and document their completion?","Organization",
"57","Does the management review take place at least annually, cover all aspects of the management program/me and involve the majority of managers - especially in sites not under their control?","Organization",
"56","Have the accountabilities for IMS  performance been communicated to Managers","Organization",
"55","Are Key Performance Indicators (KPIs) used relevant to the size and nature of the organization to provide feedback on the performance of the management system based on identified hazards and risks and support the commitments set out in the program/me","Organization",
"54","Have IMS  roles and responsibilities been communicated - and can that be confirmed - to all relevant personnel","Organization",
"53","Does the Chief Manager issue a letter of support quarterly?","Organization",
"52","Are managers required to carry out routine visits to area(s)- at least quarterly -  for which they have responsibility and at least 75% of major sites in case of multiple sites.","Organization",
"51","Are employees IMS responsibilities reviewed and revised annually?","Organization",
"50","Is the IMS  policy statement covering accountabilities and responsibilities included in, and signed for, employee handbooks/rulebook or equivalent?","Organization",
"49","Is there a process in place for agreeing IMS  expectations when working on multi-occupancy sites or projects","Organization",
"48","Is there a documented IMS management system program/me covering all processes and is it integrated throughout the company - as part of normal business planning - and is such action promoted by management and supported by workers?","Organization",
"47","Has the environmental policy been effectively communicated to staff","Organization",
"46","Within the IMS can the organization show an Environmental policy statement - even if integrated with Safety","Organization",
"45","Does the IMS  Policy give full details of the Company profile including an Organigram?","Organization",
"44","Does the statement set out briefly all the main headings for implementation and adoption of IMS  standards?","Organization",
"43","Is there an up to date legal register identifying relevant IMS  legislative requirements and duties that apply","Organization",
"42","What is the level of legislative compliance?","Organization",
"41","Is there a process in place that indicates the IMS  management commitment to, and programme for, legislative compliance","Organization",
"40","Does the management understand that the review must consider all essential matters such as documentation, the effectiveness of workplace inspections, accident and incident prevention program/mes, communication - especially of policies and procedures - emergency response measures, identifying and discharging of corrective and remedial actions.","Organization",
"39","Does the IMS  policy include details on the arrangements - at least annually - for the review of the management system performance?","Organization",
"38","Is there a a document statement of commitment to IMS standards and clear arrangements and procedures for their fulfilment and has it been signed or endorsed by the appropriate Senior Manager? Better still all executives","Organization",
"37","Is the formal preventive maintenance program/me scheduled for review with specific perspective of considering continuous improvement methodologies.","Organization",
"36","Does the corporate policy include a requirement for, and process to be followed on, determining the scope of the IMS, continuous improvement planning making specific use of trends on accident/injury records/investigations, workplace inspections, hazard/aspect reports etc","Organization",
"35","Does the organization have a IMS  management system manual and relevant documentation","Organization",
"34","Is information from audits or evaluations  used to review the management system, objectives, targets and generate implementation/action plans","Organization",
"33","Are the results from formal annual internal audits documented, underlying causes of non-conformance identified, corrective action taken and information communicated","Organization",
"32","Are internal audits/inspections carried out - on all work sites - which comply with company audit policy and detailed records made and maintained?","Organization",
"31","Is there a system in place to manage, control, safeguard and retain important IMS  records for as long as required - if not longer - by legislation?","Organization",
"30","Is there a comprehensive document management - from creation to disposal - procedure","Organization",
"29","Is a document control system in place to control changes and approval of documents, to manage the issue of Policy, Manual, Procedure documents in operation and to provide records or registers as appropriate?","Organization",
"28","Is all management system documentation readily available at appropriate worksite locations?","Organization",
"27","As part of the documented Change Management process are human aspect and risk factors evaluated - with worker involvement - especially where there are likely to be changes to facilities, processes or operations, product production - including materials, supplies, services - and organizational structure and staffing levels.","Organization",
"26","Are the potential impacts of changes on management system frequently evaluated with particular reference to the communicating to, and training of, workers and maintaining motivation for change?","Organization",
"25","Has the company developed, and does it operate, a management of change process - where changes are properly addressed, new risk are not introduced but others are identified and controlled and culture has a positive change.","Organization",
"24","Is there a well defined two-way and proven effective communication mechanism in place to ensure all aspects of the management program/me is communicated routinely and at appropriate other times - for example emergency, accident, risk assessment etc.","Organization",
"23","Has the organization determined and provided the infrastructure, financial and other resources needed to achieve conformity to requirements to meet the IMS management system program/me?","Organization",
"22","Are there clear guidelines on how to deal with visitors - escorting, provision of safety equipment etc","Organization",
"21","Is the endorsed, formal and documented program/me or action plan specific on the accountability of all levels of management for their tasks/assignments/obligations.","Organization",
"20","are there documented roles and responsibilities for critical personnel who support the IMS (EMS element specifically where environmental impact exists)","Organization",
"19","Do managers exhibit visible leadership by ensuring that workers are effectively and competently supervised , have defined roles and responsibilities and are given the opportunity for full participation in ALL IMS  management system activities?","Organization",
"18","Does senior management encourage meaningful involvement - including stopping work in unsafe conditions - by workers in all aspects of the management program/me and provide them with meaningful and measurable roles in the development and pursuit of corporate objectives and targets?","Organization",
"17","Is management commitment demonstrated in the provision of sufficient authority and adequate resources (time and finance for example) to accomplish ALL objectives and targets set out in the management program/me, to identify and control workplace hazards and complete all work allocated?","Organization",
"16","Are the IMS (Quality, Health and Safety, Environment etc)  goals and targets communicated to employees?","Organization",
"15","Is a senior IMS (Q, H&S, E)  professional involved in the business planning process","Organization",
"14","Is there a clear and comprehensive process for developing and establishing SMART IMS  Objectives, Goals and Targets in a detailed Action Plan?","Organization",
"13","Is there a documented environmental management plan and programme in place included in the IMS","Organization",
"12","Does the IMS  performance plan include a comprehensive list of SMART objectives and targets (Action Plan) approved by the executive group of senior management and influenced by previous reviews/evaluations","Organization",
"11","Does the organization identify critical positions and so generate a unique person specification and written brief which is used to recruit or select personnel for key roles such as committee (IMS, worker, project etc) membership or authorized users?","Organization",
"10","Is there a mechanism in place to ensure that the obligations of responsibility are met and that individuals are held accountable for their performance in discharging initiatives and achieving desired outcomes as assigned in their duties.","Organization",
"9","Are managers, supervisors and workers fully aware - through training and two-way communication - of their identified responsibility and accountability to ensure that his/her work area complies with program/me (quality, health and safety and environmental etc) requirements?","Organization",
"8","Are responsibilities for IMS  management system requirements assigned to specific people and positions in the organization and shown clearly on the organizational chart and in documentation.","Organization",
"7","Are all personnel allocated - from the workplace to executives and committees - encouraged to participate in the implementation of the IMS program/me AND  given the time and resources to actively participate in the processes of the management program/me?","Organization",
"6","Is an Executive or Joint/workplace Committee in place?","Organization",
"5","Has the Program/me Co-ordinator received comprehensive training of at least 24 hours?","Organization",
"4","Does the brief specify that system training and technical (consultancy) support  - such as IMS  specialists - is available to managers but especially the Program/me Co-ordinator?","Organization",
"3","Has a brief been provided which clearly defines the Program/me Co-ordinators role?","Organization",
"2","Has a Program/me Co-ordinator been appointed?","Organization",
"1","What percentage of Managers have attended a presentation on the program/me?","Organization",
