"Reference #","Business Unit","Who","Incidence Date","Location",
"IC14073145","Human Resources","Administrator ","07/28/2014 4:31 PM","top level- Trinidad- Cunupia- Level One",
"IC14070744","Field","Daryll Lewis","07/03/2014 9:30 AM","top level- Trinidad- External",
"IC14070143","Field","Giselle Ransome","06/11/2014 12:00 AM","top level- Trinidad- External",
"IC14070142","Field","Daryll Lewis","06/23/2014 4:00 PM","top level- Trinidad- External",
"IC14070141","","Daryll Lewis","05/28/2014 12:00 AM","top level- Trinidad- Chaguanas",
"IC14070140","Field","Giselle Ransome","05/26/2014 12:00 AM","top level- Trinidad- External",
"IC14070139","Marketing","Daryll Lewis","05/06/2014 12:00 AM","top level- Trinidad- Cunupia",
"IC14070138","Field","Giselle Ransome","04/04/2014 5:00 PM","top level- Trinidad- External",
"IC14070137","Marketing","Daryll Lewis","03/20/2014 8:00 AM","top level- Trinidad- Cunupia",
"IC14070136","Field","Giselle Ransome","03/04/2014 10:00 AM","top level- Trinidad- External",
"IC14070135","Marketing","Giselle Ransome","02/13/2014 2:45 PM","top level- Trinidad- Cunupia",
"IC14063034","Field","Giselle Ransome","05/12/2014 10:40 AM","top level- Trinidad- External",
"IC14063033","Marketing","Giselle Ransome","05/26/2014 1:10 PM","top level- Trinidad- Cunupia",
"IC14063032","Marketing","Giselle Ransome","05/28/2014 7:55 AM","top level- Trinidad- Cunupia",
"IC14063031","Field","Daryll Lewis","05/23/2014 3:30 AM","top level- Trinidad- External",
"IC14063030","Human Resources","Giselle Ransome","04/03/2014 8:30 AM","top level- Trinidad- Cunupia- Level One",
"IC14061829","Marketing","Daryll Lewis","04/03/2014 4:17 PM","top level- Trinidad- Cunupia",
"IC14061728","Field","Daryll Lewis","06/05/2014 8:30 PM","top level- Trinidad- External",
"IC14060527","Field","Daryll Lewis","04/01/2014 9:00 AM","top level- Trinidad- External",
"IC14060526","","Daryll Lewis","03/26/2014 11:00 AM","top level- Trinidad- Port of Spain Hub",
"IC14060525","Field","Daryll Lewis","04/01/2014 12:00 AM","top level- Trinidad- External",
"IC14060524","","Daryll Lewis","03/26/2014 11:00 AM","top level- Trinidad- Port of Spain Hub",
"IC14060523","Field","Daryll Lewis","06/25/2014 3:10 PM","top level- Trinidad- External",
"IC14052622","Residential Technicians","Administrator ","05/26/2014 4:01 PM","top level",
"IC14032421","Outside Pant  Construction","KEVIN SYLVESTER","03/17/2014 3:30 PM","top level- Trinidad",
"IC14031020","Service Delivery","Administrator ","03/07/2014 12:30 PM","top level- Trinidad- Chaguanas",
"IC14031019","Service Delivery","Administrator ","03/06/2014 3:00 PM","top level- Trinidad- Chaguanas",
"IC14022517","Service Technicians","SEAN JACKMAN","02/13/2014 11:30 AM","top level- Trinidad- Chaguanas",
"IC14021916","Construction and Engineering","Administrator ","02/16/2014 12:00 AM","top level- Trinidad- External",
"IC14021915","Installation","Administrator ","02/07/2014 9:20 AM","top level- Trinidad- External",
"IC14021814","Maintenance Technicians","HIMCHAND SOOKDEO","02/10/2014 9:40 AM","top level- Trinidad",
"IC14013113","Service Technicians","Administrator ","01/02/2014 3:00 PM","top level- Trinidad- External",
"IC14013112","Installation","Administrator ","01/31/2014 1:32 PM","top level- Trinidad- External",
"IC14012711","Construction","Administrator ","01/20/2014 12:14 PM","top level- Trinidad- External",
"IC14010910","Human Resources","Reginald Rajpaulsingh","01/04/2014 11:00 AM","top level- Trinidad- Chaguanas",
"IC14010608","Technical Operations","Aneil Sankar","01/05/2014 11:15 AM","top level- Trinidad- External",
"IC13112207","Installation","Administrator ","01/07/2013 12:00 AM","top level- Trinidad- External",
"IC13111106","Finance and Administration","Administrator ","11/11/2013 3:50 PM","top level- Trinidad",
"IC13093005","Installation","Administrator ","01/01/1970 1:00 AM","top level- Trinidad- External",
"IC13092704","Field","Administrator ","01/04/2013 5:30 PM","top level- Trinidad- External",
"IC13073103","Hybrid Fiber Construction","Administrator ","01/04/2013 3:00 PM","top level- Trinidad- External",
"IC13072602","Maintenance Technicians","Administrator ","01/06/2013 12:20 PM","top level- Trinidad- External",
"IC13052701","Construction","Administrator ","01/07/2013 7:45 AM","top level- Trinidad- External",
