"Business Unit","Reference #","Step","Action","Due Date","Assigned To","Done Date",
"032 ROSCOMMON","IN121024222","Step 30 Substep30","provide contractor list and inform staff","11/30/2012 12:00 AM","James Ferguson","// : ",
"038 TRALEE","IN120925201","Step 4 Substep4","Provide Handrail","11/24/2012 12:00 AM","James Ferguson","// : ",
"042 WEXFORD","IN121023213","Step 30 Substep30","Wexford - Provide Contractor list.","11/30/2012 12:00 AM","James Ferguson","// : ",
"036 THURLES","IN121023211","Step 30 Substep30","Thurles - Provide contractor list","11/30/2012 12:00 AM","James Ferguson","// : ",
"013 DUNGARVAN","IN121023209","Step 30 Substep30","Dungarvan - Provide Contractor List","12/31/2012 12:00 AM","James Ferguson","// : ",
"013 DUNGARVAN","IN121023209","Step 13 Substep13","Dungarvan - Provide locked cabinet and MSDS sheets.","12/31/2012 12:00 AM","James Ferguson","// : ",
"038 TRALEE","IN120925201","Step 25 Substep25","Provide new storage cabinet with shelves, Chase up cleaner to nprovide better service","01/01/1970 12:00 AM","James Ferguson","// : ",
"009 CLONMEL","IN120727191","Step 1 Substep1","area around entrance cleaned regularly new signs ","09/28/2012 12:00 AM","James Ferguson","// : ",
"","","Step  Substep","Clonmel - Provide Contractor List.","08/31/2012 12:00 AM","James Ferguson","// : ",
"","","Step  Substep","Clonmel - Provide storage cabinet and MSDS Sheets for cleaning chemicals.","08/31/2012 12:00 AM","James Ferguson","// : ",
"","","Step  Substep","contact company to servive extinguishers","06/29/2012 12:00 AM","James Ferguson","// : ",
"016 GOREY","IN120612164","Step 21 Substep21","ask gaa club about fire alarm gorey test centre","09/28/2012 12:00 AM","James Ferguson","// : ",
"004 CARLOW","IN120612157","Step 2 Substep1","Carlow - Provide and erect new Assembly sign.","07/31/2012 12:00 AM","James Ferguson","// : ",
"004 CARLOW","IN120612157","Step 1 Substep1","Carlow - Provide Keyholder names for building in the event of an emergency.","07/31/2012 12:00 AM","James Ferguson","// : ",
"","","Step  Substep","Waterford - Repair Cameras","03/31/2012 12:00 AM","James Ferguson","// : ",
"","","Step  Substep","Waterford - Locks need to be replaced.","08/31/2012 12:00 AM","James Ferguson","// : ",
"053 RAHENY","IN120124122","Step 23 Substep23","Checklist to be made available in test centre and procedure to be communicated.","02/27/2012 12:00 AM","James Ferguson","// : ",
