MSR Section,MSR Element,Point(s) to be Reviewed,
Health Management,Return to Work,Has  the returns to work programme been reviewed and any changes fully implemented and communicated to all participants,
Inspection,Frequency,Have the frequency and nature of inspections been determined, communicated and are they being carried out,
Risk Management,Equipment,Is there evidence that all drivers wear seatbelts,
Organization and Administration,Communication,Have all aspects of the CMS been communicated to all participants,
