"Reference #","Business Unit","Who","Type","Description",
"PF150923349","Data Centre - Chaguanas","Administrator ","K","Power Cabling",
"PF150923348","Data Centre - Chaguanas","Administrator ","K","Network Cabling",
"PF150923347","Data Centre - Chaguanas","Administrator ","K","Ladder rack",
"PF150922345","Data Centre - Chaguanas","Administrator ","C","Facilities Business Recovery Plan for a Data Centre",
"PF150922344","Data Centre - Chaguanas","Administrator ","K","Providing data services for Transport, Internet, Video and Telephony clients of Flow/Columbus",
"PF150922342","Data Centre - Chaguanas","Administrator ","K","Data - Centre<br /><br />
Providing data services for corporate clients",
"PF150702338","Data Centre - Chaguanas","Carolina Tellez","C","Top Level Physical Access",
"PF150624337","CSC - Columbia","Carolina Tellez","C","Escalation Process",
"PF150624336","CSC - Columbia","Carolina Tellez","C","Request Management Process",
"PF150623334","CSC - Columbia","Carolina Tellez","C","Change Management Process",
"PF150623331","CSC - Columbia","Carolina Tellez","C","Incident Management Process",
"PF150623327","CSC - Columbia","Carolina Tellez","C","Ticket Management Process",
"PF150623326","Data Centre - Chaguanas","Carolina Tellez","C","Incident | Request | Change Management Process",
"PF150623325","Construction and Engineering","Administrator ","C","Data Centre Top Level Summary Proces Flow",
"PF150622324","Data Centre - Chaguanas","Administrator ","C","Problem Management - Chaguanas Data Centre",
"PF140107322","Columbus Business Solution","Raju Balram","K","SME Service Reconnection",
"PF140107321","Columbus Business Solution","Raju Balram","K","Enterprise Service Reconnection",
"PF140107320","Columbus Business Solution","Raju Balram","K","Weekly Sales Movement Report Development",
"PF140107319","Columbus Business Solution","Raju Balram","K","Account Planning",
"PF140107318","Columbus Business Solution","Raju Balram","K","Enterprise Relocation Process",
"PF140107315","Columbus Business Solution","Raju Balram","K","MetroE Cloud Video Support Process",
"PF131212312","Service Delivery","Administrator "," ","Service quota maintenance",
"PF131212311","Service Delivery","Administrator "," ","Install Quota Maintenance",
"PF131211310","Service Delivery","Administrator "," ","Service routing flow chart process",
"PF131211309","Service Delivery","Administrator "," ","Installation routing flow chart process",
"PF131107308","Quality Assurance and Retention","Vishan Ramsaroop"," ","Call Monitoring - Inbound and Outbound Calls",
"PF131011306","Call Center- Technical","Rianne George"," ","Contact Center - Modem  Troubleshooting",
"PF130905305","Human Resources","Vishan Ramsaroop","C","Health & Safety Process for handling Accidents / Incidents",
"PF130905304","Human Resources","Vishan Ramsaroop","K","Health & Safety Evacuation Process",
"PF130905303","Human Resources","Vishan Ramsaroop","C","Health & Safety Process for Ladder Usage",
"PF130905302","Human Resources","Vishan Ramsaroop","C","Health & Safety Process for Safety Orientations (Technical)",
"PF130905301","Human Resources","Vishan Ramsaroop","C","Health & Safety Process for Safety Orientations (Non-Technical)",
"PF130904300","Human Resources","Vishan Ramsaroop","K","External Training Process",
"PF130904299","Human Resources","Vishan Ramsaroop"," ","Staff Rally Awards Recognition Process",
"PF130904298","Human Resources","Vishan Ramsaroop"," ","Connex Recognition Process",
"PF130904297","Human Resources","Vishan Ramsaroop","K","Internal Training Process",
"PF130902296","Human Resources","Vishan Ramsaroop"," ","Access Control for Hubs",
"PF130902294","Human Resources","Vishan Ramsaroop","K","Access Control for Payment Centres",
"PF130902293","Human Resources","Vishan Ramsaroop"," ","Parking Process",
"PF130902292","Human Resources","Vishan Ramsaroop"," ","Exit of Company Equipment or Property",
"PF130902291","Human Resources","Vishan Ramsaroop","K","Entry and Exit of employees and visitors",
"PF130902290","Human Resources","Vishan Ramsaroop","K","Cash Pickup at Payment Centers",
"PF130820289","Facilities","Vishan Ramsaroop"," ","Ordering process for equipment repairs � internal",
"PF130820288","Facilities","Vishan Ramsaroop"," ","Disposal of Vehicles",
"PF130820287","Facilities","Vishan Ramsaroop"," ","Purchasing of Vehicles and other Equipment",
"PF130820286","Human Resources","Vishan Ramsaroop","K","Employee Assistance Process",
"PF130820285","Human Resources","Vishan Ramsaroop","K","Disciplinary Process",
"PF130820284","Facilities","Vishan Ramsaroop"," ","Vehicle Auction Process",
"PF130820283","Columbus Corporate","Administrator "," ","descrip",
"PF130702282","Regional Transport and Telephony","Kevin Lakhan"," ","KU19 International link support",
"PF130624281","Regional Network and Information Services","Kevin Lakhan"," ","KU42 Develop Work Flow Web applications",
"PF130624280","Network Services","Kevin Lakhan"," ","KU15 New IP assignment deployment	<br />
",
"PF130624278","Network Services","Kevin Lakhan"," ","KU14 IP Deployment on CMTS",
"PF130624277","Technology and Service Development","Kevin Lakhan"," ","KU56	Product management",
"PF130624276","Regional Network and Information Services","Kevin Lakhan"," ","KU16 Password Changing",
"PF130624275","Technology and Service Development","Kevin Lakhan"," ","KU55	Product creation",
"PF130624274","Network Services","Kevin Lakhan"," ","KU28 Managing Phone Extensions ",
"PF130624273","Network Services","Kevin Lakhan"," ","KU29 General Service Support",
"PF130624272","Network Services","Kevin Lakhan"," ","KU47 Perform Software Maintenance",
"PF130621271","Network Services","Kevin Lakhan"," ","KU45 Resolve End User System Issues",
"PF130621270","Network Services","Kevin Lakhan"," ","KU37 User Creation and Password Resets",
"PF130621269","Network Services","Kevin Lakhan"," ","KU54 Manage Printers",
"PF130621268","Network Services","Kevin Lakhan"," ","KU53 Manage LAN Wireless Access Points",
"PF130621267","Network Services","Kevin Lakhan"," ","KU51 Manage the Electronic Access and Biometric Systems",
"PF130621266","Network Services","Kevin Lakhan"," ","KU50 Manage User Authentication software and Processes",
"PF130621265","Network Services","Kevin Lakhan"," ","KU48 Manage Email Organization Communications",
"PF130621264","Network Services","Kevin Lakhan"," ","KU49 Manage Organization File Shares",
"PF130614261","Regional Network and Information Services","Kevin Lakhan"," ","KU44	Develop applications to augment billing functionality",
"PF130614260","Regional Network and Information Services","Kevin Lakhan"," ","KU36	Troubleshoot, resolve or escalate locked/failed provisioning actions",
"PF130528259","Regional Network and Information Services","Kevin Lakhan"," ","KU33	Addition of event/promo codes",
"PF130528258","Regional Network and Information Services","Kevin Lakhan"," ","KU39	Identify and resolve voice error rating conditions",
"PF130528254","Technical Operations","Karen Antoine"," ","Voltage Testing-Plant Maintenance  ",
"PF130528257","Regional Network and Information Services","Kevin Lakhan"," ","KU38	Reconcile voice telephone numbers between billing and soft switch",
"PF130528256","Regional Network and Information Services","Kevin Lakhan"," ","KU40	Administer SCCD (TSRM)",
"PF130528255","Media Services","Tamara Chatar","K","Billing for Ad Insertions",
"PF130527253","Media Services","Tamara Chatar","K","Obtaining and Implementing Cue Tones",
"PF130527252","Media Services","Tamara Chatar","K","New Client Process",
"PF130527251","Media Services","Tamara Chatar","K","Report Generation ",
"PF130527250","Media Services","Tamara Chatar","K","Ad Insertions",
"PF130527249","Media Services","Tamara Chatar","K","Harvest Reports",
"PF130527248","Marketing","Tamara Chatar","K","Seasonal Packages - Creation of for Theme Packs",
"PF130527247","Marketing","Tamara Chatar","K","Event Plans",
"PF130527246","Media Services","Tamara Chatar","K","Scheduling of Pay Per View Events",
"PF130527245","Regional Transport and Telephony","Kevin Lakhan"," ","KU32 - Addition of Adjustment codes",
"PF130527244","Regional Network and Information Services","Kevin Lakhan"," ","KU35     Uploading of subscriber addresses",
"PF130527242","Construction and Engineering","Karen Antoine"," ","Node with Interference Process-W1",
"PF130527241","Construction and Engineering","Karen Antoine"," ","Node Management Process-w11",
"PF130527240","Media Services","Tamara Chatar","K","VOD Reporting-Buys Logs & Monthly Analysis",
"PF130527239","Construction and Engineering","Karen Antoine"," ","Creating Channel Process-W8 ",
"PF130527238","Marketing","Tamara Chatar","K","Planning & Execution of a Marketing Promotion",
"PF130527236","Construction and Engineering","Karen Antoine","K","Channel Troubleshooting Process-W4",
"PF130527235","Construction and Engineering","Karen Antoine","K","Balanced Analog Plant Process-W6",
"PF130527234","Construction and Engineering","Karen Antoine","K","DC Equipment Powering-W7",
"PF130527233","Construction and Engineering","Karen Antoine","C","Tuning a Satellite Dish-W3",
"PF130527232","Finance and Administration","Administrator ","K","Cash Report (Daily/Weekly)",
"PF130527230","Finance and Administration","Administrator "," ","Queries",
"PF130527229","Finance and Administration","Administrator ","K","Third Party Upload Process",
"PF130527228","Finance and Administration","Administrator ","K","Checksale Process ",
"PF130527227","Finance and Administration","Administrator ","K","Programmers",
"PF130527226","Finance and Administration","Administrator ","K","Accounts Payable - Foreign",
"PF130527225","Finance and Administration","Administrator ","K","Accounts Payable Local",
"PF130526224","Finance and Administration","Administrator "," ","New Modems Process",
"PF130525223","Finance and Administration","Administrator "," ","New STBs",
"PF130525222","Finance and Administration","Administrator ","C","Filed Modems",
"PF130525221","Finance and Administration","Administrator ","C","Inventory management",
"PF130525220","Columbus Business Solution","Administrator ","K","HFC Cloud Video Support process",
"PF130524219","Outbound Sales","Tamara Chatar"," ","Addition of Services to an Existing Account",
"PF130524218","Outbound Sales","Tamara Chatar"," ","External Sales Process on Sales Walks",
"PF130524217","Outbound Sales","Tamara Chatar"," ","Calculation and Approval of Commissions",
"PF130524216","Outbound Sales","Tamara Chatar"," ","Report Creation",
"PF130524214","Call Centre","Karen Mohammed","K","Change of Service - Relocation ",
"PF130524213","Call Centre","Karen Mohammed","K","Change of Service - Downgrades",
"PF130524212","Call Centre","Karen Mohammed","K","Change of Service - Upgrades",
"PF130524211","Call Centre","Karen Mohammed","K","Change of Service - Reconnection",
"PF130524210","Call Centre","Karen Mohammed","C","New Customer Account Creation",
"PF130524209","Quality Assurance and Retention","Karen Mohammed","K","Escalated Query Management",
"PF130524208","Quality Assurance and Retention","Karen Mohammed","K","Quality Assurance Monitoring Process",
"PF130524206","Outbound Sales","Tamara Chatar"," ","Process for Customer Queries",
"PF130524207","Columbus Business Solution","Administrator ","K","Cloud Video  Disconnect Process",
"PF130523205","Regional Network and Information Services","Kevin Lakhan","K","KU34     Daily rating of subscriber calls",
"PF130523204","Regional Network and Information Services","Kevin Lakhan"," ","KU41     Manage blast messaging process and queues",
"PF130523203","Network Services","Kevin Lakhan"," ","KU13 - RFO Process",
"PF130523202","Solutions Delivery","Kevin Lakhan"," ","KU10-Extra IP Block request  ",
"PF130523201","Network Services","Kevin Lakhan"," ","KU9        rDNS request",
"PF130523200","Solutions Delivery","Kevin Lakhan"," ","KU6        Port Disconnection",
"PF130523199","Solutions Delivery","Kevin Lakhan"," ","KU8        Bandwidth Downgrade ",
"PF130523198","Solutions Delivery","Kevin Lakhan"," ","KU7        Bandwidth Upgrade",
"PF130523197","Regional Network and Information Services","Kevin Lakhan","K","KU52     Manage virtual environments and shared storage",
"PF130523196","Regional Network and Information Services","Kevin Lakhan","K","KU46     Perform hardware maintenance",
"PF130523195","Regional Transport and Telephony","Kevin Lakhan","K","KU25     Management of routing on voice switch",
"PF130523194","Regional Transport and Telephony","Kevin Lakhan","C","KU27     Transmission network upgrade",
"PF130523193","Regional Transport and Telephony","Kevin Lakhan","C","KU26     Management of transmission circuits",
"PF130523192","Columbus Business Solution","Administrator ","K","Cloud Security Downgrade Process",
"PF130522191","Outbound Sales","Tamara Chatar","K","Processing of JV's for Customers",
"PF130522188","Columbus Business Solution","Raju Balram","K","Cloud Security Disconnection Process",
"PF130522187","Columbus Business Solution","Raju Balram","K","Cloud Security Downgrade Process",
"PF130522185","Sales and Marketing","Tamara Chatar","C","Project Planning",
"PF130522184","Columbus Business Solution","Administrator ","K","Cloud Security Upgrade Process",
"PF130522183","Columbus Business Solution","Administrator ","K","Cloud Security Support Process",
"PF130521182","Columbus Business Solution","Administrator ","C","Cloud Video Installation Process",
"PF130521181","Columbus Business Solution","Administrator ","C","Cloud Security Installation",
"PF130521180","Columbus Business Solution","Raju Balram","C","Cloud Continuity Sale",
"PF130521179","Network Services","Kevin Lakhan","K","KU20-Handling CATV Outages",
"PF130521178","Regional Network and Information Services","Kevin Lakhan","K","KU31 - Addition of new tariffs/products",
"PF130521177","Technology","Kevin Lakhan","K","KU18     Cloud Voice Customer Support",
"PF130520176","Solutions Delivery","Kevin Lakhan","K","KU2 - International link activation",
"PF130520175","Network Services","Kevin Lakhan","K","KU17     Metro E customer Support escalation",
"PF130520174","Network Services","Kevin Lakhan","K","KU11     SMO/EMO Approval",
"PF130517170","Network Services","Kevin Lakhan","K","KU57 - High Usage Voice After-Hour Monitoring process",
"PF130517169","Regional Network and Information Services","Kevin Lakhan","K","KU43 - Extract necessary reports from the billing system",
"PF130517168","Network Services","Kevin Lakhan","K","KU12 - Peaking/irregular SNR CMTS port escalation",
"PF130517167","Solutions Delivery","Kevin Lakhan","K","KU5	- Port Activation",
"PF130517166","Technology","Kevin Lakhan","C","KU30 - Bill Run",
"PF130516165","Solutions Delivery","Kevin Lakhan","C","KU4 - Cloud Voice Installation (Existing Metro-E)",
"PF130516164","Construction and Engineering","Karen Antoine","K","W18-RF Splicing Process",
"PF130516163","Solutions Delivery","Kevin Lakhan","C","KU3 - Metro-E Internet Port Activation ",
"PF130516162","Construction and Engineering","Karen Antoine","K","W15- RF Drafting Process ",
"PF130516161","Solutions Delivery","Kevin Lakhan","C","KU1 - Metro Ethernet Install",
"PF130516160","Construction and Engineering","Karen Antoine","K","W15-Drafting Survey Maps Process",
"PF130516157","Construction and Engineering","Karen Antoine","K","W16- RF Design Process ",
"PF130516156","Construction and Engineering","Karen Antoine","C","QC Inspection Construction Process ",
"PF130516154","Construction and Engineering","Karen Antoine","K","Fiber Design for Data",
"PF130516153","Construction and Engineering","Karen Antoine","K","Fiber Design for Nodes",
"PF130515151","Construction and Engineering","Karen Antoine","K","W19-Node Installation Process ",
"PF130514150","Construction and Engineering","Karen Antoine","K","W12- Cable Construction Process ",
"PF130510147","Construction and Engineering","Karen Antoine","C","OTDR Process",
"PF130510146","Technical Operations","Karen Antoine","C","Power Supply Installation Process ",
"PF130510145","Technical Operations","Karen Antoine","K","W20-Node Activation Return Process",
"PF130510144","Technical Operations","Karen Antoine","K","W20-Node Activation Forward Process ",
"PF130509143","Construction and Engineering","Karen Antoine","C","Cable Teardown Process",
"PF130509142","Construction and Engineering","Karen Antoine","C","QC Map Inspection Process",
"PF130508141","Service Delivery","Vishan Ramsaroop","C","Cash Handling and Batching Process",
"PF130502140","Human Resources","Vishan Ramsaroop","K","Health & Safety Process for conducting emergency evacuation drills",
"PF130502139","Human Resources","Vishan Ramsaroop","K","Health & Safety Emergency Evacuation Procedure",
"PF130502138","Human Resources","Vishan Ramsaroop","C","Health & Safety Facility Inspection Process",
"PF130502136","Human Resources","Andre Lee Ha","C","Health & Safety Field Inspection Process",
"PF130501134","Service Delivery","Vishan Ramsaroop","C","Cash Collection and Receipting<br /><br />
",
"PF130427130","Columbus Business Solution","Administrator ","K","Cloud Security Installation",
"PF130427129","Columbus Business Solution","Administrator ","C","Cloud Voice Installation Process",
"PF130426128","Columbus Business Solution","Administrator ","K","Enterprise Support Process",
"PF130426127","Columbus Business Solution","Administrator ","K","SME (HFC) Support Process",
"PF130423125","Media Services","Tamara Chatar","K","F-Spot Monitoring Process",
"PF130423123","Media Services","Tamara Chatar","K","Error Codes Escalation Process- Default Error Text " We are unable to fulfill your request at this time. Please try again later. We apologise for any inconvenience",
"PF130423122","Video (Watch)","Tamara Chatar","K","Subscription Packages Price Changes",
"PF130422121","Media Services","Tamara Chatar","K","Manual Asset Loading - (executed by System Service Delivery Technician)",
"PF130421120","Columbus Business Solution","Administrator ","K","Enterprise Support Process",
"PF130418119","Media Services","Tamara Chatar","K","Ordering Pay Per View (PPV) Events",
"PF130418118","Media Services","Tamara Chatar","K","Monitoring of Video on Demand",
"PF130418117","Media Services","Tamara Chatar","K","Monitoring of Content Streams on Sea Change",
"PF130418116","Media Services","Tamara Chatar","C","Encoding and Uploading- Video on Demand (VOD) & Pay-Per-View(PPV)",
"PF130417114","Sales and Marketing","Tamara Chatar","K","Rebranding of Channel",
"PF130410112","Construction and Engineering","Karen Antoine","K","W17- Fiber Construction Process ",
"PF130403109","Video (Watch)","Tamara Chatar","K","Moving a Channel from one Location on Lineup to another",
"PF130403108","Video (Watch)","Tamara Chatar","K","Addition of VOD Content Provider",
"PF130326107","Outbound Sales","Tamara Chatar","C","Process for Creating New Accounts",
"PF130326106","Corporate Communications","Tamara Chatar"," ","Media Monitoring",
"PF130324105","Construction and Engineering","Karen Antoine","K","W14-Field Survey Process",
"PF130323104","Columbus Business Solution","Administrator ","K","SME - HFC Relocation Process",
"PF130323103","Columbus Business Solution","Administrator ","K","Enterprise Non-Payment Disconnection Process",
"PF130323102","Columbus Business Solution","Administrator ","K","Enterprise - Disconnection Process Flow",
"PF130323101","Columbus Business Solution","Administrator ","K","SME - disconnection Process",
"PF130323099","Columbus Business Solution","Administrator ","K","Enterprise Downgrade Process",
"PF130323098","Columbus Business Solution","Administrator ","K","Enterprise - Upgrade Process",
"PF130323097","Columbus Business Solution","Administrator ","K","SME - HFC Downgrade Process  ",
"PF130321096","Marketing","Tamara Chatar"," ","Addition of a Local Channel - VIDEO",
"PF130321094","Marketing","Tamara Chatar","K","Addition of a Foreign Channel- VIDEO",
"PF130321093","Marketing","Tamara Chatar","K","Processing of Rebates",
"PF130321091","Marketing","Tamara Chatar","K","Tracking performance of a promotion",
"PF130321090","Marketing","Tamara Chatar"," ","Requests for Special Reports",
"PF130321089","Marketing","Tamara Chatar","K","Addition of Items to stock holding",
"PF130321088","Marketing","Tamara Chatar","K","Social Media Monitoring-Marketing Co-ordinator (Brand Communications)",
"PF130321087","Marketing","Tamara Chatar","K","Request to create new creative material viain-house graphic artist",
"PF130321086","Marketing","Tamara Chatar"," ","Media Monitoring",
"PF130321085","Marketing","Tamara Chatar"," ","Invoice Reconciliation",
"PF130319083","Sales and Marketing","Tamara Chatar"," ","Dispatch of Promotional Items for Event",
"PF130314077","Trinidad Executive","Administrator ","K","Corporate Top Level Process Flow",
"PF130313075","Construction and Engineering","Karen Antoine","C","W13 - Fibre Design Process",
"PF130313074","Sales and Marketing","Administrator "," ","Request of equipment for promotional events",
"PF130313073","Human Resources","Administrator ","K","New Hire Process",
"PF130312072","Regional Transport and Telephony","Karen Antoine","K","Transport & Voice Install Process ",
"PF130312071","Sales and Marketing","Administrator "," ","Processing of Rebates for promotions",
"PF130312070","Sales and Marketing","Administrator "," ","Rate Code Request",
"PF130312069","Finance and Administration","Administrator "," ","Inform Account Payable (AP) on envelope stock levels",
"PF130312068","Finance and Administration","Administrator "," ","WebCDR and Voice Traffic Analyser (VTA)",
"PF130312067","Finance and Administration","Administrator "," ","Billing and Voice Systems Monitoring",
"PF130312066","Finance and Administration","Administrator "," ","TSTT Carrier Invoice Sign-Off (monthly)",
"PF130312065","Finance and Administration","Administrator "," ","Prepare Delivery Schedule",
"PF130312064","Finance and Administration","Administrator "," ","Monitor the Bill Progress",
"PF130312063","Finance and Administration","Administrator "," ","Auditing enterprise Operations Process",
"PF130312062","Finance and Administration","Administrator "," ","Customer "Breach" Activities",
"PF130312061","Finance and Administration","Administrator ","C","Fraud and Misusage",
"PF130312060","Finance and Administration","Administrator "," ","Product Profitability (ad hoc)",
"PF130312059","Finance and Administration","Administrator "," ","RA Assessment on New Products and Services",
"PF130312058","Finance and Administration","Administrator "," ","Streamline Invoice Sign-Off Manually",
"PF130312057","Finance and Administration","Administrator ","K","Monthly Extended Calls Error",
"PF130312056","Finance and Administration","Administrator "," ","Internal Voice Usage Report",
"PF130312055","Finance and Administration","Administrator ","K","CBS Weekly Revenue Report",
"PF130312054","Finance and Administration","Administrator "," ","Voice Rating and Posting Reports",
"PF130312053","Finance and Administration","Administrator "," ","Voice Switch Reconcile",
"PF130312051","Finance and Administration","Administrator ","K","Streamline Invoice Sign-Off Manually",
"PF130311045","Construction and Engineering","Karen Antoine","K","Commercial Data Installation Process",
"PF130309044","Finance and Administration","Administrator ","K","Telecollector process",
"PF130308043","Construction and Engineering","Karen Antoine"," ","Fiber Restoration Flow Chart",
"PF130305042","Columbus Business Solution","Administrator "," ","SME Upgrade Process",
"PF130305041","Columbus Business Solution","Administrator "," ","Metro Port Activation",
"PF130304039","Technical Operations","Administrator ","C","Installation Process",
"PF13030337","Purchasing and Warehouse","Administrator "," ","Disposal Methods",
"PF13030336","Purchasing and Warehouse","Administrator "," ","Defective Items Return",
"PF130303035","Purchasing and Warehouse","Administrator "," ","Inventory Management",
"PF13030335","Purchasing and Warehouse","Administrator "," ","Shipment Release",
"PF130303034","Purchasing and Warehouse","Administrator "," ","Logistics Management Process",
"PF130303033","Finance and Administration","Administrator "," ","Warehouse Process Supply Chain",
"PF130302032","Finance and Administration","Administrator "," ","Warehouse Purchasing Process",
"PF130302031","Service Delivery","Administrator ","K","Escalated Query Management",
"PF130220030","Finance and Administration","Administrator ","K","Checksale Process Chart (SME and Enterprise Customers - new and existing)",
"PF130219029","Technical Operations","Administrator ","K","Work Orders",
"PF130219027","Technical Operations","Administrator ","K","Service  Calls",
"PF130219025","Technical Operations","Administrator ","C","Outage Response",
"PF130219023","Technical Operations","Administrator ","C","Battery Installation Process",
"PF130219022","Technical Operations","Administrator ","C","Node Maintenance",
"PF130219020","Technical Operations","Administrator ","K","Split Path",
"PF130219019","Technical Operations","Administrator ","K","Safety Policy",
"PF130219017","Technical Operations","Administrator ","K","Field Node Updates",
"PF130219016","Technical Operations","Administrator ","K","Install QC Process",
"PF130219015","Technical Operations","Administrator ","K","Materials Request",
"PF130219014","Columbus Business Solution","Administrator "," ","Enterprise Non-standard pre-sales process (phase 2)",
"PF130218013","Columbus Business Solution","Administrator "," ","Sales Admin - CRM and Billing PLatform",
"PF130218012","Columbus Business Solution","Administrator ","K","Enterprise Account Manager - CRM Excel Tool",
"PF130218011","Columbus Business Solution","Administrator ","C","Cloud Connectivity Sale",
"PF130218010","Technical Operations","Administrator ","K","Aerial Drop",
"PF13012309","SME Sales","Administrator ","K","SME (HFC) Start Billing Process",
"PF13012308","SME Sales","Administrator ","K","SME (HFC) Dispatch and Co-ordination",
"PF13012307","SME Sales","Administrator ","K","SME (HFC) Installation Scheduling",
"PF13012306","SME Sales","Administrator ","K","SME (HFC) Pre-Sales Process",
"PF13012205","Columbus Business Solution","Administrator ","K","SME (HFC) - New Install Process",
"PF12071304","Technology","Administrator ","C","Implementation Of Cloud Voice Service",
"PF12071103","Columbus Business Solution","Administrator ","K","Design Of Cloud Voice Solution",
"PF12071102","Columbus Business Solution","Administrator "," ","Sales",
"PF12071101","Columbus Business Solution","Administrator ","K","Service Delivery of Cloud Voice",
