"Business Unit","Process No.","Hazards","Action","Due Date","Assigned To","Done Date",
"Network Services","PR130520175","The nature of the task requires the management of sensitive information and so lack of control over material storage or access passes is crucial","Formal training for improving documentation (SCCD) and the correct use of DSE and ergonomics can be provided for all relevant workers. Periodic review of best practices should be done to ensure our measures are being kept up to date. Updating internal procedures to reflect changes in current business practices should also be employed to improve on efficiency . ","03/07/2014 12:00 AM","Kurleigh Prescod","// : ",
"Columbus Business Solution","PR130521180","Technicians are exposed to general workplace hazards when conduction installation. Vehicles have to be kept in good working condition.","Further enforcement of policies and procedures regarding the installation.","12/31/2013 12:00 AM","Kurleigh Prescod","// : ",
"Columbus Business Solution","PR130521181","Technicians are required to visit the client location and install security device. This will present general hazards associated with the location. It does not require working at heights, but does require them to access various parts of the site presenting access/ egress related hazards.","Technicians are briefed on how to properly assess the customer work area and to be vigilant on customer premises.","12/31/2013 12:00 AM","Kurleigh Prescod","// : ",
"Network Services","PR130520174","security access to network applications and files to be able to create/edit SMO/EMO for approval.
Necessary access to required workstations/laptop for network access.","ensuring staff is properly equipped with the correct DSE (workstations or laptops/ monitors) & ergonomics.  Proper integration of application security to one central database, ensures correct authentication&security controls are being used per user account. ","08/01/2014 12:00 AM","Kurleigh Prescod","// : ",
"Technical Operations","PR130219027","Accidents may occur while in transit for collection of work orders","Work Orders can be sent to technicians electronically e.g Emails   ","04/28/2014 12:00 AM","Kurleigh Prescod","// : ",
