"Reference #","Business Unit","Who","Type","Description",
"PR150923349","Data Centre - Chaguanas","Administrator ","K","Power Cabling",
"PR150923348","Data Centre - Chaguanas","Administrator ","K","Network Cabling",
"PR150923347","Data Centre - Chaguanas","Administrator ","K","Ladder rack",
"PR150922345","Data Centre - Chaguanas","Administrator ","C","Facilities Business Recovery Plan for a Data Centre",
"PR150922344","Data Centre - Chaguanas","Administrator ","K","Providing data services for Transport Internet Video and Telephony clients of Flow/Columbus",
"PR150922342","Data Centre - Chaguanas","Administrator ","K","Data - Centre<br /><br />
Providing data services for corporate clients",
"PR150702338","Data Centre - Chaguanas","Administrator ","C","Top Level Physical Access",
"PR150624337","CSC - Columbia"," ","C","Escalation Process",
"PR150624336","CSC - Columbia"," ","C","Request Management Process",
"PR150623334","CSC - Columbia"," ","C","Change Management Process",
"PR150623331","CSC - Columbia"," ","C","Incident Management Process",
"PR150623327","CSC - Columbia"," ","C","Ticket Management Process",
"PR150623326","Data Centre - Chaguanas"," ","C","Incident | Request | Change Management Process",
"PR150623325","Construction and Engineering"," ","C","Data Centre Top Level Summary Proces Flow",
"PR150622324","Data Centre - Chaguanas"," ","C","Problem Management - Chaguanas Data Centre",
"PR140107322","Columbus Business Solution"," ","K","SME Service Reconnection",
"PR140107321","Columbus Business Solution"," ","K","Enterprise Service Reconnection",
"PR140107320","Columbus Business Solution"," ","K","Weekly Sales Movement Report Development",
"PR140107319","Columbus Business Solution"," ","K","Account Planning",
"PR140107318","Columbus Business Solution"," ","K","Enterprise Relocation Process",
"PR140107315","Columbus Business Solution"," ","K","MetroE Cloud Video Support Process",
"PR131212312","Service Delivery"," "," ","Service quota maintenance",
"PR131212311","Service Delivery"," "," ","Install Quota Maintenance",
"PR131211310","Service Delivery"," "," ","Service routing flow chart process",
"PR131211309","Service Delivery"," "," ","Installation routing flow chart process",
"PR131107308","Quality Assurance and Retention"," "," ","Call Monitoring - Inbound and Outbound Calls",
"PR131011306","Call Center- Technical"," "," ","Contact Center - Modem  Troubleshooting",
"PR130905305","Human Resources","Vishan Ramsaroop","C","Health & Safety Process for handling Accidents / Incidents",
"PR130905304","Human Resources","Vishan Ramsaroop","K","Health & Safety Evacuation Process",
"PR130905303","Human Resources","Vishan Ramsaroop","C","Health & Safety Process for Ladder Usage",
"PR130905302","Human Resources"," ","C","Health & Safety Process for Safety Orientations (Technical)",
"PR130905301","Human Resources","Vishan Ramsaroop","C","Health & Safety Process for Safety Orientations (Non-Technical)",
"PR130904300","Human Resources","Vishan Ramsaroop","K","External Training Process",
"PR130904299","Human Resources","Vishan Ramsaroop"," ","Staff Rally Awards Recognition Process",
"PR130904298","Human Resources","Vishan Ramsaroop"," ","Connex Recognition Process",
"PR130904297","Human Resources","Vishan Ramsaroop","K","Internal Training Process",
"PR130902296","Human Resources","Vishan Ramsaroop"," ","Access Control for Hubs",
"PR130902294","Human Resources"," ","K","Access Control for Payment Centres",
"PR130902293","Human Resources"," "," ","Parking Process",
"PR130902292","Human Resources"," "," ","Exit of Company Equipment or Property",
"PR130902291","Human Resources"," ","K","Entry and Exit of employees and visitors",
"PR130902290","Human Resources","Vishan Ramsaroop","K","Cash Pickup at Payment Centers",
"PR130820289","Facilities","Vishan Ramsaroop"," ","Ordering process for equipment repairs � internal",
"PR130820288","Facilities","Vishan Ramsaroop"," ","Disposal of Vehicles",
"PR130820287","Facilities","Vishan Ramsaroop"," ","Purchasing of Vehicles and other Equipment",
"PR130820286","Human Resources","Vishan Ramsaroop","K","Employee Assistance Process",
"PR130820285","Human Resources","Vishan Ramsaroop","K","Disciplinary Process",
"PR130820284","Facilities","Vishan Ramsaroop"," ","Vehicle Auction Process",
"PR130820283","Columbus Corporate"," "," ","descrip",
"PR130702282","Regional Transport and Telephony","Vishan Ramsaroop"," ","KU19 International link support",
"PR130624281","Regional Network and Information Services","Renwick Boodram"," ","KU42 Develop Work Flow Web applications",
"PR130624280","Network Services","Vishan Ramsaroop"," ","KU15 New IP assignment deployment	<br />
",
"PR130624278","Network Services","Rollins Joseph"," ","KU14 IP Deployment on CMTS",
"PR130624277","Technology and Service Development","Vishan Ramsaroop"," ","KU56	Product management",
"PR130624276","Regional Network and Information Services","Raju Balram"," ","KU16 Password Changing",
"PR130624275","Technology and Service Development","Vishan Ramsaroop"," ","KU55	Product creation",
"PR130624274","Network Services","Raju Balram"," ","KU28 Managing Phone Extensions ",
"PR130624273","Network Services","Raju Balram"," ","KU29 General Service Support",
"PR130624272","Network Services","Vishan Ramsaroop"," ","KU47 Perform Software Maintenance",
"PR130621271","Network Services","Vishan Ramsaroop"," ","KU45 Resolve End User System Issues",
"PR130621270","Network Services","Raju Balram"," ","KU37 User Creation and Password Resets",
"PR130621269","Network Services","Myron Marshall"," ","KU54 Manage Printers",
"PR130621268","Network Services","Vishan Ramsaroop"," ","KU53 Manage LAN Wireless Access Points",
"PR130621267","Network Services","Vishan Ramsaroop"," ","KU51 Manage the Electronic Access and Biometric Systems",
"PR130621266","Network Services","Raju Balram"," ","KU50 Manage User Authentication software and Processes",
"PR130621265","Network Services","Raju Balram"," ","KU48 Manage Email Organization Communications",
"PR130621264","Network Services","Raju Balram"," ","KU49 Manage Organization File Shares",
"PR130614261","Regional Network and Information Services","Raju Balram"," ","KU44	Develop applications to augment billing functionality",
"PR130614260","Regional Network and Information Services","Raju Balram"," ","KU36	Troubleshoot resolve or escalate locked/failed provisioning actions",
"PR130528259","Regional Network and Information Services","Administrator "," ","KU33	Addition of event/promo codes",
"PR130528258","Regional Network and Information Services","Administrator "," ","KU39	Identify and resolve voice error rating conditions",
"PR130528254","Technical Operations","Administrator "," ","Voltage Testing-Plant Maintenance  ",
"PR130528257","Regional Network and Information Services","Administrator "," ","KU38	Reconcile voice telephone numbers between billing and soft switch",
"PR130528256","Regional Network and Information Services","Administrator "," ","KU40	Administer SCCD (TSRM)",
"PR130528255","Media Services","Administrator ","K","Billing for Ad Insertions",
"PR130527253","Media Services","Administrator ","K","Obtaining and Implementing Cue Tones",
"PR130527252","Media Services","Administrator ","K","New Client Process",
"PR130527251","Media Services","Administrator ","K","Report Generation ",
"PR130527250","Media Services","Administrator ","K","Ad Insertions",
"PR130527249","Media Services","Administrator ","K","Harvest Reports",
"PR130527248","Marketing","Administrator ","K","Seasonal Packages - Creation of for Theme Packs",
"PR130527247","Marketing","Administrator ","K","Event Plans",
"PR130527246","Media Services","Administrator ","K","Scheduling of Pay Per View Events",
"PR130527245","Regional Transport and Telephony","Administrator "," ","KU32 - Addition of Adjustment codes",
"PR130527244","Regional Network and Information Services","Administrator "," ","KU35     Uploading of subscriber addresses",
"PR130527242","Construction and Engineering","Administrator "," ","Node with Interference Process-W1",
"PR130527241","Construction and Engineering","Administrator "," ","Node Management Process-w11",
"PR130527240","Media Services","Administrator ","K","VOD Reporting-Buys Logs & Monthly Analysis",
"PR130527239","Construction and Engineering","Administrator "," ","Creating Channel Process-W8 ",
"PR130527238","Marketing","Administrator ","K","Planning & Execution of a Marketing Promotion",
"PR130527236","Construction and Engineering","Administrator ","K","Channel Troubleshooting Process-W4",
"PR130527235","Construction and Engineering","Administrator ","K","Balanced Analog Plant Process-W6",
"PR130527234","Construction and Engineering","Administrator ","K","DC Equipment Powering-W7",
"PR130527233","Construction and Engineering","Administrator ","C","Tuning a Satellite Dish-W3",
"PR130527232","Finance and Administration","Administrator ","K","Cash Report (Daily/Weekly)",
"PR130527230","Finance and Administration","Administrator "," ","Queries",
"PR130527229","Finance and Administration","Administrator ","K","Third Party Upload Process",
"PR130527228","Finance and Administration","Administrator ","K","Checksale Process ",
"PR130527227","Finance and Administration","Administrator ","K","Programmers",
"PR130527226","Finance and Administration","Administrator ","K","Accounts Payable - Foreign",
"PR130527225","Finance and Administration","Administrator ","K","Accounts Payable Local",
"PR130526224","Finance and Administration","Administrator "," ","New Modems Process",
"PR130525223","Finance and Administration","Administrator "," ","New STBs",
"PR130525222","Finance and Administration","Administrator ","C","Filed Modems",
"PR130525221","Finance and Administration","Administrator ","C","Inventory management",
"PR130525220","Columbus Business Solution","Administrator ","K","HFC Cloud Video Support process",
"PR130524219","Outbound Sales","Administrator "," ","Addition of Services to an Existing Account",
"PR130524218","Outbound Sales","Administrator "," ","External Sales Process on Sales Walks",
"PR130524217","Outbound Sales","Administrator "," ","Calculation and Approval of Commissions",
"PR130524216","Outbound Sales","Administrator "," ","Report Creation",
"PR130524214","Call Centre","Administrator ","K","Change of Service - Relocation ",
"PR130524213","Call Centre","Administrator ","K","Change of Service - Downgrades",
"PR130524212","Call Centre","Administrator ","K","Change of Service - Upgrades",
"PR130524211","Call Centre","Administrator ","K","Change of Service - Reconnection",
"PR130524210","Call Centre","Administrator ","C","New Customer Account Creation",
"PR130524209","Quality Assurance and Retention","Administrator ","K","Escalated Query Management",
"PR130524208","Quality Assurance and Retention","Administrator ","K","Quality Assurance Monitoring Process",
"PR130524206","Outbound Sales","Administrator "," ","Process for Customer Queries",
"PR130524207","Columbus Business Solution","Administrator ","K","Cloud Video  Disconnect Process",
"PR130523205","Regional Network and Information Services","Administrator ","K","KU34     Daily rating of subscriber calls",
"PR130523204","Regional Network and Information Services","Administrator "," ","KU41     Manage blast messaging process and queues",
"PR130523203","Network Services","Administrator "," ","KU13 - RFO Process",
"PR130523202","Solutions Delivery","Administrator "," ","KU10-Extra IP Block request  ",
"PR130523201","Network Services","Administrator "," ","KU9        rDNS request",
"PR130523200","Solutions Delivery","Administrator "," ","KU6        Port Disconnection",
"PR130523199","Solutions Delivery","Administrator "," ","KU8        Bandwidth Downgrade ",
"PR130523198","Solutions Delivery","Administrator "," ","KU7        Bandwidth Upgrade",
"PR130523197","Regional Network and Information Services","Administrator ","K","KU52     Manage virtual environments and shared storage",
"PR130523196","Regional Network and Information Services","Administrator ","K","KU46     Perform hardware maintenance",
"PR130523195","Regional Transport and Telephony","Administrator ","K","KU25     Management of routing on voice switch",
"PR130523194","Regional Transport and Telephony","Administrator ","C","KU27     Transmission network upgrade",
"PR130523193","Regional Transport and Telephony","Administrator ","C","KU26     Management of transmission circuits",
"PR130523192","Columbus Business Solution","Administrator ","K","Cloud Security Downgrade Process",
"PR130522191","Outbound Sales","Administrator ","K","Processing of JV's for Customers",
"PR130522188","Columbus Business Solution","Administrator ","K","Cloud Security Disconnection Process",
"PR130522187","Columbus Business Solution","Administrator ","K","Cloud Security Downgrade Process",
"PR130522185","Sales and Marketing","Administrator ","C","Project Planning",
"PR130522184","Columbus Business Solution","Administrator ","K","Cloud Security Upgrade Process",
"PR130522183","Columbus Business Solution","Administrator ","K","Cloud Security Support Process",
"PR130521182","Columbus Business Solution","Administrator ","C","Cloud Video Installation Process",
"PR130521181","Columbus Business Solution","Administrator ","C","Cloud Security Installation",
"PR130521180","Columbus Business Solution","Administrator ","C","Cloud Continuity Sale",
"PR130521179","Network Services","Administrator ","K","KU20-Handling CATV Outages",
"PR130521178","Regional Network and Information Services","Administrator ","K","KU31 - Addition of new tariffs/products",
"PR130521177","Technology","Administrator ","K","KU18     Cloud Voice Customer Support",
"PR130520176","Solutions Delivery","Administrator ","K","KU2 - International link activation",
"PR130520175","Network Services","Administrator ","K","KU17     Metro E customer Support escalation",
"PR130520174","Network Services","Myron Marshall","K","KU11     SMO/EMO Approval",
"PR130517170","Network Services","Administrator ","K","KU57 - High Usage Voice After-Hour Monitoring process",
"PR130517169","Regional Network and Information Services","Administrator ","K","KU43 - Extract necessary reports from the billing system",
"PR130517168","Network Services","Administrator ","K","KU12 - Peaking/irregular SNR CMTS port escalation",
"PR130517167","Solutions Delivery","Administrator ","K","KU5	- Port Activation",
"PR130517166","Technology","Administrator ","C","KU30 - Bill Run",
"PR130516165","Solutions Delivery","Administrator ","C","KU4 - Cloud Voice Installation (Existing Metro-E)",
"PR130516164","Construction and Engineering","Administrator ","K","W18-RF Splicing Process",
"PR130516163","Solutions Delivery","Administrator ","C","KU3 - Metro-E Internet Port Activation ",
"PR130516162","Construction and Engineering","Administrator ","K","W15- RF Drafting Process ",
"PR130516161","Solutions Delivery","Administrator ","C","KU1 - Metro Ethernet Install",
"PR130516160","Construction and Engineering","Administrator ","K","W15-Drafting Survey Maps Process",
"PR130516157","Construction and Engineering","Administrator ","K","W16- RF Design Process ",
"PR130516156","Construction and Engineering","Rollins Joseph","C","QC Inspection Construction Process ",
"PR130516154","Construction and Engineering","Administrator ","K","Fiber Design for Data",
"PR130516153","Construction and Engineering","Administrator ","K","Fiber Design for Nodes",
"PR130515151","Construction and Engineering","Administrator ","K","W19-Node Installation Process ",
"PR130514150","Construction and Engineering","Administrator ","K","W12- Cable Construction Process ",
"PR130510147","Construction and Engineering","Administrator ","C","OTDR Process",
"PR130510146","Technical Operations","Vishwarnath Singh","C","Power Supply Installation Process ",
"PR130510145","Technical Operations","Administrator ","K","W20-Node Activation Return Process",
"PR130510144","Technical Operations","Vishwarnath Singh","K","W20-Node Activation Forward Process ",
"PR130509143","Construction and Engineering","Rollins Joseph","C","Cable Teardown Process",
"PR130509142","Construction and Engineering","Rollins Joseph","C","QC Map Inspection Process",
"PR130508141","Service Delivery","Jesse Edwards","C","Cash Handling and Batching Process",
"PR130502140","Human Resources","Administrator ","K","Health & Safety Process for conducting emergency evacuation drills",
"PR130502139","Human Resources","Andre Lee Ha","K","Health & Safety Emergency Evacuation Procedure",
"PR130502138","Human Resources","Andre Lee Ha","C","Health & Safety Facility Inspection Process",
"PR130502136","Human Resources","Andre Lee Ha","C","Health & Safety Field Inspection Process",
"PR130501134","Service Delivery","Administrator ","C","Cash Collection and Receipting<br /><br />
",
"PR130427130","Columbus Business Solution","Administrator ","K","Cloud Security Installation",
"PR130427129","Columbus Business Solution","Administrator ","C","Cloud Voice Installation Process",
"PR130426128","Columbus Business Solution","Administrator ","K","Enterprise Support Process",
"PR130426127","Columbus Business Solution","Administrator ","K","SME (HFC) Support Process",
"PR130423125","Media Services","Administrator ","K","F-Spot Monitoring Process",
"PR130423123","Media Services","Administrator ","K","Error Codes Escalation Process- Default Error Text " We are unable to fulfill your request at this time. Please try again later. We apologise for any inconvenience",
"PR130423122","Video (Watch)","Administrator ","K","Subscription Packages Price Changes",
"PR130422121","Media Services","Administrator ","K","Manual Asset Loading - (executed by System Service Delivery Technician)",
"PR130421120","Columbus Business Solution","Administrator ","K","Enterprise Support Process",
"PR130418119","Media Services","Administrator ","K","Ordering Pay Per View (PPV) Events",
"PR130418118","Media Services","Administrator ","K","Monitoring of Video on Demand",
"PR130418117","Media Services","Administrator ","K","Monitoring of Content Streams on Sea Change",
"PR130418116","Media Services","Administrator ","C","Encoding and Uploading- Video on Demand (VOD) & Pay-Per-View(PPV)",
"PR130417114","Sales and Marketing","Administrator ","K","Rebranding of Channel",
"PR130410112","Construction and Engineering","Administrator ","K","W17- Fiber Construction Process ",
"PR130403109","Video (Watch)","Administrator ","K","Moving a Channel from one Location on Lineup to another",
"PR130403108","Video (Watch)","Administrator ","K","Addition of VOD Content Provider",
"PR130326107","Outbound Sales","Vishan Ramsaroop","C","Process for Creating New Accounts",
"PR130326106","Corporate Communications","Administrator "," ","Media Monitoring",
"PR130324105","Construction and Engineering","Administrator ","K","W14-Field Survey Process",
"PR130323104","Columbus Business Solution","Administrator ","K","SME - HFC Relocation Process",
"PR130323103","Columbus Business Solution","Administrator ","K","Enterprise Non-Payment Disconnection Process",
"PR130323102","Columbus Business Solution","Administrator ","K","Enterprise - Disconnection Process Flow",
"PR130323101","Columbus Business Solution","Administrator ","K","SME - disconnection Process",
"PR130323099","Columbus Business Solution","Administrator ","K","Enterprise Downgrade Process",
"PR130323098","Columbus Business Solution","Administrator ","K","Enterprise - Upgrade Process",
"PR130323097","Columbus Business Solution","Administrator ","K","SME - HFC Downgrade Process  ",
"PR130321096","Marketing","Administrator "," ","Addition of a Local Channel - VIDEO",
"PR130321094","Marketing","Administrator ","K","Addition of a Foreign Channel- VIDEO",
"PR130321093","Marketing","Administrator ","K","Processing of Rebates",
"PR130321091","Marketing","Administrator ","K","Tracking performance of a promotion",
"PR130321090","Marketing","Administrator "," ","Requests for Special Reports",
"PR130321089","Marketing","Administrator ","K","Addition of Items to stock holding",
"PR130321088","Marketing","Administrator ","K","Social Media Monitoring-Marketing Co-ordinator (Brand Communications)",
"PR130321087","Marketing","Administrator ","K","Request to create new creative material viain-house graphic artist",
"PR130321086","Marketing","Administrator "," ","Media Monitoring",
"PR130321085","Marketing","Administrator "," ","Invoice Reconciliation",
"PR130319083","Sales and Marketing","Administrator "," ","Dispatch of Promotional Items for Event",
"PR130314077","Trinidad Executive","Administrator ","K","Corporate Top Level Process Flow",
"PR130313075","Construction and Engineering","Administrator ","C","W13 - Fibre Design Process",
"PR130313074","Sales and Marketing","Administrator "," ","Request of equipment for promotional events",
"PR130313073","Human Resources","Administrator ","K","New Hire Process",
"PR130312072","Regional Transport and Telephony","Administrator ","K","Transport & Voice Install Process ",
"PR130312071","Sales and Marketing","Administrator "," ","Processing of Rebates for promotions",
"PR130312070","Sales and Marketing","Administrator "," ","Rate Code Request",
"PR130312069","Finance and Administration","Administrator "," ","Inform Account Payable (AP) on envelope stock levels",
"PR130312068","Finance and Administration","Administrator "," ","WebCDR and Voice Traffic Analyser (VTA)",
"PR130312067","Finance and Administration","Administrator "," ","Billing and Voice Systems Monitoring",
"PR130312066","Finance and Administration","Administrator "," ","TSTT Carrier Invoice Sign-Off (monthly)",
"PR130312065","Finance and Administration","Administrator "," ","Prepare Delivery Schedule",
"PR130312064","Finance and Administration","Administrator "," ","Monitor the Bill Progress",
"PR130312063","Finance and Administration","Administrator "," ","Auditing enterprise Operations Process",
"PR130312062","Finance and Administration","Administrator "," ","Customer "Breach" Activities",
"PR130312061","Finance and Administration","Administrator ","C","Fraud and Misusage",
"PR130312060","Finance and Administration","Administrator "," ","Product Profitability (ad hoc)",
"PR130312059","Finance and Administration","Administrator "," ","RA Assessment on New Products and Services",
"PR130312058","Finance and Administration","Administrator "," ","Streamline Invoice Sign-Off Manually",
"PR130312057","Finance and Administration","Administrator ","K","Monthly Extended Calls Error",
"PR130312056","Finance and Administration","Administrator "," ","Internal Voice Usage Report",
"PR130312055","Finance and Administration","Administrator ","K","CBS Weekly Revenue Report",
"PR130312054","Finance and Administration","Administrator "," ","Voice Rating and Posting Reports",
"PR130312053","Finance and Administration","Administrator "," ","Voice Switch Reconcile",
"PR130312051","Finance and Administration","Administrator ","K","Streamline Invoice Sign-Off Manually",
"PR130311045","Construction and Engineering","Administrator ","K","Commercial Data Installation Process",
"PR130309044","Finance and Administration","Administrator ","K","Telecollector process",
"PR130308043","Construction and Engineering","Administrator "," ","Fiber Restoration Flow Chart",
"PR130305042","Columbus Business Solution","Administrator "," ","SME Upgrade Process",
"PR130305041","Columbus Business Solution","Administrator "," ","Metro Port Activation",
"PR130304039","Technical Operations","Vishwarnath Singh","C","Installation Process",
"PR13030337","Purchasing and Warehouse","Administrator "," ","Disposal Methods",
"PR13030336","Purchasing and Warehouse","Administrator "," ","Defective Items Return",
"PR130303035","Purchasing and Warehouse","Administrator "," ","Inventory Management",
"PR13030335","Purchasing and Warehouse","Renwick Boodram"," ","Shipment Release",
"PR130303034","Purchasing and Warehouse","Administrator "," ","Logistics Management Process",
"PR130303033","Finance and Administration","Renwick Boodram"," ","Warehouse Process Supply Chain",
"PR130302032","Finance and Administration","Administrator "," ","Warehouse Purchasing Process",
"PR130302031","Service Delivery","Vishan Ramsaroop","K","Escalated Query Management",
"PR130220030","Finance and Administration","Administrator ","K","Checksale Process Chart (SME and Enterprise Customers - new and existing)",
"PR130219029","Technical Operations","Administrator ","K","Work Orders",
"PR130219027","Technical Operations","Vishwarnath Singh","K","Service  Calls",
"PR130219025","Technical Operations","Administrator ","C","Outage Response",
"PR130219023","Technical Operations","Vishan Ramsaroop","C","Battery Installation Process",
"PR130219022","Technical Operations","Vishan Ramsaroop","C","Node Maintenance",
"PR130219020","Technical Operations","Andre Lee Ha","K","Split Path",
"PR130219019","Technical Operations","Andre Lee Ha","K","Safety Policy",
"PR130219017","Technical Operations","Administrator ","K","Field Node Updates",
"PR130219016","Technical Operations","Administrator ","K","Install QC Process",
"PR130219015","Technical Operations","Administrator ","K","Materials Request",
"PR130219014","Columbus Business Solution","Administrator "," ","Enterprise Non-standard pre-sales process (phase 2)",
"PR130218013","Columbus Business Solution","Administrator "," ","Sales Admin - CRM and Billing PLatform",
"PR130218012","Columbus Business Solution","Administrator ","K","Enterprise Account Manager - CRM Excel Tool",
"PR130218011","Columbus Business Solution","Administrator ","C","Cloud Connectivity Sale",
"PR130218010","Technical Operations","Administrator ","K","Aerial Drop",
"PR13012309","SME Sales","Administrator ","K","SME (HFC) Start Billing Process",
"PR13012308","SME Sales","Administrator ","K","SME (HFC) Dispatch and Co-ordination",
"PR13012307","SME Sales","Administrator ","K","SME (HFC) Installation Scheduling",
"PR13012306","SME Sales","Administrator ","K","SME (HFC) Pre-Sales Process",
"PR13012205","Columbus Business Solution","Administrator ","K","SME (HFC) - New Install Process",
"PR12071304","Technology","Myron Marshall","C","Implementation Of Cloud Voice Service",
"PR12071103","Columbus Business Solution","Administrator ","K","Design Of Cloud Voice Solution",
"PR12071102","Columbus Business Solution","Administrator "," ","Sales",
"PR12071101","Columbus Business Solution","Administrator ","K","Service Delivery of Cloud Voice",
