"Reference","Business Unit","Incidence Title","Description","Location","Recovery Time","Action","who","File Name",
"SR-Fall from Height","Data Centre - Chaguanas","Fall from Height - response","In the event of a Fall from height the following actions are to be completed as appropriate","","1Days","First Aid as required,Call for Assistance,Contcat 811,Assist in rescue,Notify Supervisor or Manager,Report to IMS Manager,Complete rescue,Follw Instructions",",,,,,,,",",,,,,,",
"SR-Vehicle","Data Centre - Chaguanas","Motor Vehicle Emergency Response","In the event of Motor Vehicle Accidentthe following actions are to be completed as appropriate","","1Days","First Aid as required,Transportation to doctor or hospital,Notify Supervisor or Manager,Report to IMS Manager,Call Police,Assist Police,Clear Road,Follow Instruction",",,,,,,,",",,,,,,",
"SR-Spills","Data Centre - Chaguanas","Spill - Emergency Response","The following actions are to be carried out in the event of a Spill","","1Days","Call for Help,Contain Spill,First Aid as required,Notify Supervisor or Manager,Report to IMS Manager,Evacuate,Go to Muster Point,Roll Call,Follow Instructions",",,,,,,,,",",,,,,,,",
"SR-Robbery","Data Centre - Chaguanas","Robery - Emergency Response","In the event of a Robberyor floods the following steps are to be followed","","1Days","Stay Calm and Comply,Activate Alarms,Notify Supervisor or Manager,Call Police,Lock Doors,Preserve Evidence,Assist Police,Follow Instructions",",,,,,,,",",,,,,,",
"SR-Medical","Data Centre - Chaguanas","Medical Emergency Response","In the event of a medical emergency the following steps are to be followed","","1Days","First Aid as required,STOP on-going hazards,Call for assistance,Notify Supervisor or manager,Transportation to doctor or hospital,Contact next of kin,Follow Instructions",",,,,,,",",,,,,,",
"SR - Bomb","Data Centre - Chaguanas","Bomb - Emergency Response","In the event of an Bomb Alert the following steps are to be considered and followed as necessary","","1Days","Respond to Call,Record Details,Notify Supervisor or Managers,Check the suspicious or UNfamiliar Items,Supervisor or manager to decide if building should be evacuated,Evacuate,Go to muster point,Roll Call,Follow instructions",",,,,,,,,",",,,,,,,",
"SR -Elevator","Data Centre - Chaguanas","Elevators and Lifts","In the event of Elevator or lift failure the following actions are to be completed as appropriate","","1Days","Press Emergency Button,Try to Re-Open Doors,Move back from the doors,Wait for Assistance,Lift Technician or Supervisor will open the door,Exit Lift at Landing,Follow Instructions",",,,,,,",",,,,,,",
"SR - Fire","Data Centre - Chaguanas","Fire - Emergency Response","The steps that may be required to respond to a Fire Emergency situation","","1Days","Sound the Alarms,Warden to review and consider extinguishing the small fire,Dial 990,Evacuate,Go to Muster POint,Complete Roll Call,Follow Instructions",",,,,,,",",,,,,,",
"SR-Voltage","Data Centre - Chaguanas","High Voltage Contact - Emergency Response","In the event of contact with high voltagethe following actions are to be completed as appropriate","","1Days","First Aid as required,Control Electrical Contact,Notify Supervisor or Manager,Transportation to doctor or hospital,Report to agencies,Follow Instructions,Report to IMS Manager,Contact next of kin",",,,,,,,",",,,,,,,",
"SR-Hurricane","Data Centre - Chaguanas","Hurricane, High Wind and Flood - Emergency response","In the event of Hurricane the following actions are to be completed as appropriate","","1Days","Follow Instructions,Monitor Hurricane Warnings,Prepare for High Winds and floods,Restrict Work,Report to IMS Manager,Notify Supervisor or Manager,Evacuate,Roll Call,Go to Muster POint",",,,,,,,,",",,,,,,,,",
"SR-Earthquake","Data Centre - Chaguanas","Earthquake - Emergency Response","In the event of Earthquake the following actions are to be completed as appropriate","","1Days","Shelter Under an appropriate item of equipment or designated area,Wait out tremors and after shock,Control fire and electrical hazards,Notify Supervisor or Manager,Report to IMS Manager,Evacuate,Got Musters POint,Roll Call,Follow Instructions",",,,,,,,,",",,,,,,,",
