"Reference","Business Unit","Incidence Title","Description",
"SR-Fall from Height","Data Centre - Chaguanas","Fall from Height - response","In the event of a Fall from height the following actions are to be completed as appropriate",
"SR-Vehicle","Data Centre - Chaguanas","Motor Vehicle Emergency Response","In the event of Motor Vehicle Accidentthe following actions are to be completed as appropriate",
"SR-Spills","Data Centre - Chaguanas","Spill - Emergency Response","The following actions are to be carried out in the event of a Spill",
"SR-Robbery","Data Centre - Chaguanas","Robery - Emergency Response","In the event of a Robberyor floods the following steps are to be followed",
"SR-Medical","Data Centre - Chaguanas","Medical Emergency Response","In the event of a medical emergency the following steps are to be followed",
"SR - Bomb","Data Centre - Chaguanas","Bomb - Emergency Response","In the event of an Bomb Alert the following steps are to be considered and followed as necessary",
"SR -Elevator","Data Centre - Chaguanas","Elevators and Lifts","In the event of Elevator or lift failure the following actions are to be completed as appropriate",
"SR - Fire","Data Centre - Chaguanas","Fire - Emergency Response","The steps that may be required to respond to a Fire Emergency situation",
"SR-Voltage","Data Centre - Chaguanas","High Voltage Contact - Emergency Response","In the event of contact with high voltagethe following actions are to be completed as appropriate",
"SR-Hurricane","Data Centre - Chaguanas","Hurricane, High Wind and Flood - Emergency response","In the event of Hurricane the following actions are to be completed as appropriate",
"SR-Earthquake","Data Centre - Chaguanas","Earthquake - Emergency Response","In the event of Earthquake the following actions are to be completed as appropriate",
