"Reference","Business Unit","Who","Type","Description",
"PF150923349","Data Centre - Chaguanas","Administrator ","K","Power Cabling",
"PF150923348","Data Centre - Chaguanas","Administrator ","K","Network Cabling",
"PF150923347","Data Centre - Chaguanas","Administrator ","K","Ladder rack",
"PF150922345","Data Centre - Chaguanas","Administrator ","C","Facilities Business Recovery Plan for a Data Centre",
"PF150922344","Data Centre - Chaguanas","Administrator ","K","Providing data services for Transport, Internet, Video and Telephony clients of Flow/Columbus",
"PF150922342","Data Centre - Chaguanas","Administrator ","K","Data - Centre<br /><br />
Providing data services for corporate clients",
"PF150702338","Data Centre - Chaguanas","Carolina Tellez","C","Top Level Physical Access",
"PF150624337","CSC - Columbia","Carolina Tellez","C","Escalation Process",
"PF150623331","CSC - Columbia","Carolina Tellez","C","Incident Management Process",
"PF150623325","Construction and Engineering","Administrator ","C","Data Centre Top Level Summary Proces Flow",
"PF150622324","Data Centre - Chaguanas","Administrator ","C","Problem Management - Chaguanas Data Centre",
