"Title","Reference","Nature","Subject","Level","Standards","Last Review Date",
"Electricity Inspection Act"," 2014","Act","Energy","By-Law","ISO50001 ","",
"3.	An Act to amend the Trinidad and Tobago Electricity Commission Act"," 0","Act","Broadcasting","Government/Federal","ISO 14001 ","",
"Young Offenders Detention","13.05 ","","","","","01/05/2016",
"Workmen`s Compensation (Transfer of Funds)","88.06 ","","","","","",
"Workmen`s Compensation","88.05 ","","","","","",
"Workers` Bank","79.06 ","","","","","",
"Wills and Probate","9.03 ","","","","","",
"Widows` and Orphans` Pensions Extension","23.55 ","","","","","",
"Widows` and Orphans` Pensions","23.54 ","","","","","",
"West Indies Shipping Corporation","50.04 ","","","","","",
"Waterworks and Water Conservation","54.41 ","","","","","",
"Water and Sewerage","54.40 ","","","","","",
"Voluntary Termination of Employment","23.03 ","","","","","",
"Visiting Police Forces","15.07 ","","","","","",
"Visiting Forces","14.04 ","","","","","",
"Veterinary Surgeons (Registration)","67.04 ","","","","","",
"Venture Capital","81.08 ","","","","","",
"Venereal Disease","28.52 ","","","","","",
"Value Added Tax","75.06 ","","","","","",
"Valuation of Land","58.03 ","","","","","",
"University Students (Guarantee Fund)","39.08 ","","","","","",
"Unit Trust Corporation of Trinidad and Tobago","83.03 ","","","","","",
"Unfair Contract Terms","82.37 ","","","","","",
"Unemployment Levy","75.03 ","","","","","",
"Tuberculosis Control","28.50 ","","","","","",
"Truck","88.07 ","","","","","",
"Trinidad and Tobago Survey","60.01 ","","","","","",
"Trinidad and Tobago Racing Authority","21.50 ","","","","","",
"Trinidad and Tobago Postal Corporation","47.02 ","","","","","",
"Trinidad and Tobago Post","47.01 ","","","","","",
"Trinidad and Tobago Oil Company Limited Vesting","62.05 ","","","","","",
"Trinidad and Tobago National Steel Orchestra","40.55 ","","","","","",
"Trinidad and Tobago Housing Development Corporation (Vesting)","33.06 ","","","","","",
"Trinidad and Tobago Housing Development Corporation","33.03 ","","","","","",
"Trinidad and Tobago Free Zones","81.07 ","","","","","",
"Trinidad and Tobago Electricity Commission","54.70 ","","","","","",
"Trespass","11.07 ","","","","","",
"Treasury Notes","71.39 ","","","","","",
"Treasury Bonds","71.43 ","","","","","",
"Treasury Bills","23.50 ","","","","","",
"Treason","11.03 ","","","","","",
"Travelling Allowances","23.50 ","","","","","",
"Transferred Officers` Continuity of Service","23.02 ","","","","","",
"Transfer of Prisoners","12.06 ","","","","","",
"Trading with the Enemy","14.03 ","","","","","",
"Trafficking in Persons","12.10 ","","","","","",
"Trade Unions","88.02 ","","","","","",
"Trade Marks","82.81 ","","","","","",
"Trade Disputes and Protection of Property","88.03 ","","","","","",
"Trade Descriptions","82.04 ","","","","","",
"Towns and Villages (Definition)","26.02 ","","","","","",
"Town and Country Planning (Miscellaneous Licences)","35.04 ","","","","","",
"Town and Country Planning","35.01 ","","","","","",
"Tourism Development","87.22 ","","","","","",
"Tourism and ndustrial Development Company of Trinidad and Tobago Limited Vesting","87.21 ","","","","","",
"Tobago House of Assembly","25.03 ","","","","","",
"Tobago Deeds","19.07 ","","","","","",
"Tobacco Control","30.04 ","","","","","",
"Three Chains (Tobago)","57.04 ","","","","","",
"Theatres and Dance Halls","21.03 ","","","","","",
"Textrin Vesting","62.06 ","","","","","",
"Territorial Sea","1.51 ","","","","","",
"Telecommunications","47.31 ","","","","","",
"Teaching Service (Compensation)","39.04 ","","","","","",
"Teachers` Pensions","39.02 ","","","","","",
"Taxes Exemption","76.50 ","","","","","",
"Tax Information Exchange Agreements","76.51 ","","","","","",
"Tax Appeal Board","4.50 ","","","","","",
"Taking of Hostages","12.05 ","","","","","",
"Supreme Court of Judicature","4.01 ","","","","","",
"Supplemental Police","15.02 ","","","","","",
"Summary Offences","11.02 ","","","","","",
"Summary Courts","4.20 ","","","","","",
"Sugar Quotas","64.02 ","","","","","",
"Sugar Industry Special Funds","64.04 ","","","","","",
"Sugar Industry Labour Welfare Committee (Incorporation)","64.05 ","","","","","",
"Succession","9.02 ","","","","","",
"Students` Revolving Loan Fund","39.05 ","","","","","",
"Street Collections (Control)","21.05 ","","","","","",
"Strategic Services Agency","15.06 ","","","","","",
"Statutory Declarations","7.04 ","","","","","",
"Statutory Authorities","24.01 ","","","","","",
"Statutes","3.02 ","","","","","",
"Status of Children","46.07 ","","","","","",
"Statistics","19.02 ","","","","","",
"State Liability and Proceedings","8.02 ","","","","","",
"State Lands","57.01 ","","","","","",
"State Land (Regularisation of Tenure)","57.05 ","","","","","",
"State Grants and Leases (Re-issue)","57.02 ","","","","","",
"Standards","82.03 ","","","","","",
"Stamp Duty (Special Provisions)","76.03 ","","","","","",
"Stamp Duty","76.01 ","","","","","",
"Sport and Culture Fund","40.54 ","","","","","",
"Spirits and Spirit Compounds","87.54 ","","","","","",
"Special Reserve Police","15.03 ","","","","","",
"Slum Clearance and Housing","33.02 ","","","","","",
"Shop (Hours of Opening and Employment)","84.02 ","","","","","",
"Shipping","50.10 ","","","","","",
"Sexual Offences","11.28 ","","","","","",
"Sentencing Commission","4.32 ","","","","","",
"Senior Citizens` Pension","32.02 ","","","","","",
"Sedition","11.04 ","","","","","",
"Security Assistance (Caricom)","14.05 ","","","","","",
"Securities","83.02 ","","","","","",
"Schools (Medical Inspection)","28.04 ","","","","","",
"Sawmills","66.02 ","","","","","",
"San Fernando Recreation Ground","41.02 ","","","","","",
"San Fernando and Arima Hucksters   Pedlars and Porters","84.08 ","","","","","",
"Sale of Produce","63.52 ","","","","","",
"Sale of Goods","82.30 ","","","","","",
"Rural Pedlars","84.09 ","","","","","",
"Riot","11.05 ","","","","","",
"Retrenchment and Severance Benefits","88.13 ","","","","","",
"Retiring Allowances (Legislative Service)","2.03 ","","","","","",
"Retiring Allowances (Diplomatic Service)","17.04 ","","","","","",
"Resumption of Land","57.03 ","","","","","",
"Restriction of Offensive Weapons","11.10 ","","","","","",
"Representation of the People","2.01 ","","","","","",
"Rent Restriction (Short Tenancies)","59.51 ","","","","","",
"Rent Restriction (Serviced Premises)","59.52 ","","","","","",
"Rent Restriction (Dwelling Houses)","59.55 ","","","","","",
"Remission of Penalties","13.50 ","","","","","",
"Remedies of Creditors","8.09 ","","","","","",
"Regulated Industries Commission","54.73 ","","","","","",
"Registration of Local Agents of Foreign Governments or Foreign Enterprises","19.08 ","","","","","",
"Registration of Deeds","19.06 ","","","","","",
"Registration of Clubs","21.01 ","","","","","",
"Registration of Business Names","82.85 ","","","","","",
"Registrar General`s","19.03 ","","","","","",
"Registers of Births   Deaths and Marriages","44.02 ","","","","","",
"Regional Health Authorities","29.05 ","","","","","",
"Recruiting of Workers","88.10 ","","","","","",
"Recreation Grounds and Pastures","41.01 ","","","","","",
"Recording of Court Proceedings","4.31 ","","","","","",
"Real Property Limitation","56.03 ","","","","","",
"Real Property","56.02 ","","","","","",
"Rates   Taxes and Licences (Payment by Cheque)","74.02 ","","","","","",
"Rates and Charges Recovery","74.03 ","","","","","",
"Races","21.51 ","","","","","",
"Queen`s Park","41.04 ","","","","","",
"Queen`s Hall","40.50 ","","","","","",
"Quarantine","28.05 ","","","","","",
"Publications (Legal Deposit)","82.74 ","","","","","",
"Public Transport Service","48.02 ","","","","","",
"Public Holidays and Festivals","19.05 ","","","","","",
"Public Health (Nursery Schools and Primary Schools Immunisation)","28.03 ","","","","","",
"Public Assistance","32.03 ","","","","","",
"Provisional Collection of Taxes","74.01 ","","","","","",
"Provident Fund","23.57 ","","","","","",
"Protective Services (Compensation)","23.60 ","","","","","",
"Protection of Wrecks","37.04 ","","","","","",
"Protection of New Plant Varieties","82.75 ","","","","","",
"Protection Against Unfair Competition","82.36 ","","","","","",
"Professions Related to Medicine","90.04 ","","","","","",
"Production of Cane","64.01 ","","","","","",
"Proceeds of Crime","11.27 ","","","","","",
"Probation of Offenders","13.51 ","","","","","",
"Privileges and Immunities (Diplomatic  Consular and International Organisations)","17.01 ","","","","","",
"Private Hospitals","29.03 ","","","","","",
"Prison Service","13.02 ","","","","","",
"Prisons","13.01 ","","","","","",
"Princess Elizabeth Home for Handicapped Children Association (Incorporation)","29.04 ","","","","","",
"Prime Minister`s Pension","2.51 ","","","","","",
"Prevention of Crimes","10.01 ","","","","","",
"Prevention of Crime (Offensive Weapons)","11.09 ","","","","","",
"Prevention of Corruption","11.11 ","","","","","",
"President`s Emoluments","2.50 ","","","","","",
"Praedial Larceny Prevention","10.03 ","","","","","",
"Pounds","67.03 ","","","","","",
"Post Office Savings Bank","79.04 ","","","","","",
"Port Authority","51.01 ","","","","","",
"Police Service","15.01 ","","","","","",
"Police Complaints Authority","15.05 ","","","","","",
"Plant Protection","63.56 ","","","","","",
"Plant (Export Prohibition)","63.54 ","","","","","",
"Pipelines","35.51 ","","","","","",
"Pilotage","51.02 ","","","","","",
"Pharmacy Board","29.52 ","","","","","",
"Petty Civil Courts","4.21 ","","","","","",
"Petrotrin Vesting","62.07 ","","","","","",
"Petrotrin Pensions","62.08 ","","","","","",
"Petroleum Taxes","75.04 ","","","","","",
"Petroleum Production Levy and Subsidy","62.02 ","","","","","",
"Petroleum","62.01 ","","","","","",
"Pesticides and Toxic Chemicals","30.03 ","","","","","",
"Perjury","11.14 ","","","","","",
"Pension Rights (Special Provisions)","23.53 ","","","","","",
"Pensions Extension","23.53 ","","","","","",
"Pensions","23.52 ","","","","","",
"Pawnbrokers","84.05 ","","","","","",
"Patents  Designs   Copyright and Trade Marks (Emergency)","82.84 ","","","","","",
"Patents and Designs","82.83 ","","","","","",
"Patents","82.76 ","","","","","",
"Partnership","81.02 ","","","","","",
"Opticians (Registration)","29.51 ","","","","","",
"Offences Against the Person","11.08 ","","","","","",
"Occupational Safety and Health","88.08 ","","","","","",
"Oaths of Office","7.03 ","","","","","",
"Oaths","7.01 ","","","","","",
"Nurses and Midwives Registration","29.53 ","","","","","",
"Notification of Births","44.03 ","","","","","",
"Notaries Public","6.51 ","","","","","",
"Newspapers","20.01 ","","","","","",
"Negotiable Instruments (Dishonoured Cheques)","79.52 ","","","","","",
"National Trust of Trinidad and Tobago","40.53 ","","","","","",
"National Petroleum Company","62.04 ","","","","","",
"National Museum and Art Gallery","40.52 ","","","","","",
"National Lotteries","21.04 ","","","","","",
"National Library and Information Systems","40.01 ","","","","","",
"National Insurance","32.01 ","","","","","",
"National Institute of Higher Education (Research   Science and Technology)","39.58 ","","","","","",
"National Emblems of Trinidad and Tobago (Regulation)","19.04 ","","","","","",
"National Development (International Bank for Reconstruction and Development) Loans","71.06 ","","","","","",
"National Development (Inter-American Development Bank) Loans","71.07 ","","","","","",
"National Carnival Commission of Trinidad and Tobago","42.01 ","","","","","",
"National Agricultural Marketing and Development Corporation","63.05 ","","","","","",
"Naparima Bowl","40.51 ","","","","","",
"Mutual Assistance in Criminal Matters","11.24 ","","","","","",
"Muslim Marriage and Divorce","45.02 ","","","","","",
"Municipal Corporations (Pensions)","25.05 ","","","","","",
"Municipal Corporations","25.04 ","","","","","",
"Motor Vehicles Insurance (Third-Party Risks)","48.51 ","","","","","",
"Motor Vehicles and Road Traffic (Enforcement and Administration)","48.52 ","","","","","",
"Motor Vehicles and Road Traffic","48.50 ","","","","","",
"Motor Launches","50.08 ","","","","","",
"Motion Picture Films (Carriage and Storage)","20.11 ","","","","","",
"Mongoose","67.55 ","","","","","",
"Moneylenders","84.04 ","","","","","",
"Misrepresentation","82.35 ","","","","","",
"Miscellaneous Taxes","77.01 ","","","","","",
"Minister of Finance (Incorporation)","69.03 ","","","","","",
"Mining Compensation","61.02 ","","","","","",
"Minimum Wages","88.04 ","","","","","",
"Minerals","61.03 ","","","","","",
"Military Training (Prohibition)","15.04 ","","","","","",
"Mercantile Law","82.02 ","","","","","",
"Mental Health","28.02 ","","","","","",
"Medical Board","29.50 ","","","","","",
"Mediation","5.32 ","","","","","",
"Maxi-Taxi","48.53 ","","","","","",
"Matrimonial Proceedings and Property","45.51 ","","","","","",
"Maternity Protection","45.57 ","","","","","",
"Married Persons","45.50 ","","","","","",
"Marriage","45.01 ","","","","","",
"Marking of Ships","50.09 ","","","","","",
"Mariners Club","50.05 ","","","","","",
"Marine Areas (Preservation and Enhancement)","37.02 ","","","","","",
"Management Development Centre","85.51 ","","","","","",
"Malicious Damage","11.06 ","","","","","",
"Malaria Abatement","28.50 ","","","","","",
"Maintenance Orders (Facilities for Enforcement)","45.53 ","","","","","",
"Magistrates Protection","6.03 ","","","","","",
"Kidnapping","11.26 ","","","","","",
"Local Savings Banks","79.03 ","","","","","",
"Local Authorities Grants and Loans","71.80 ","","","","","",
"Livestock and Livestock Products Board","67.05 ","","","","","",
"Litter","30.52 ","","","","","",
"Liquor Licences","84.10 ","","","","","",
"Limitation of Certain Actions","7.09 ","","","","","",
"Limes Export Levy","64.40 ","","","","","",
"Limeoil (Control of Manufacture)","87.56 ","","","","","",
"Licensing of Dealers (Precious Metals and Stones)","84.06 ","","","","","",
"Libel and Defamation","11.16 ","","","","","",
"Legal Profession","90.03 ","","","","","",
"Legal Aid and Advice","7.07 ","","","","","",
"Layout-Designs (Topographies) of Integrated Circuits","82.79 ","","","","","",
"Law Revision","3.03 ","","","","","",
"Law Reform (Pensions)","23.59 ","","","","","",
"Law Reform","3.04 ","","","","","",
"Larceny","11.12 ","","","","","",
"Land Tenants (Security of Tenure)","59.54 ","","","","","",
"Land Surveyors","58.04 ","","","","","",
"Lands and Buildings Taxes","76.04 ","","","","","",
"Land Acquisition","58.01 ","","","","","",
"La Brea Jetty and Tramway","51.04 ","","","","","",
"Kidnapping","11.26 ","","","","","",
"Justice Protection","5.33 ","","","","","",
"Jury","6.53 ","","","","","",
"Judicial Review","7.08 ","","","","","",
"Judicial and Legal Service","6.01 ","","","","","",
"Judgments Extension","5.02 ","","","","","",
"Judges Salaries and Pensions","6.02 ","","","","","",
"Investment Disputes Awards (Enforcement)","5.03 ","","","","","",
"Interpreters","6.54 ","","","","","",
"Interpretation","3.01 ","","","","","",
"International War Crimes Tribunals","11.23 ","","","","","",
"International Financial Organisations (Inter-American Investment Corporation)","70.06 ","","","","","",
"International Financial Organisations (Inter-American Development Bank)","70.02 ","","","","","",
"International Financial Organisations","70.01 ","","","","","",
"International Criminal Court","4.26 ","","","","","",
"International Child Abduction","12.08 ","","","","","",
"Interception of Communications","15.08 ","","","","","",
"Integrity in Public Life","22.01 ","","","","","",
"Insurance","84.01 ","","","","","",
"Institute of Marine Affairs","37.01 ","","","","","",
"Infants","46.02 ","","","","","",
"Industrial Training","39.54 ","","","","","",
"Industrial Relations","88.01 ","","","","","",
"Industrial Designs","82.77 ","","","","","",
"Indictable Offences (Preliminary Enquiry)","12.01 ","","","","","",
"Independence Development Loans","71.03 ","","","","","",
"Income Tax (In Aid of Industry)","85.04 ","","","","","",
"Income Tax","75.01 ","","","","","",
"Immigration (Caribbean Community Skilled Nationals)","18.03 ","","","","","",
"Immigration (Advance Passenger Information)","18.04 ","","","","","",
"Immigration","18.01 ","","","","","",
"Human Tissue Transplant","28.07 ","","","","","",
"Housing","33.01 ","","","","","",
"House of Representatives (Powers and Privileges)","2.02 ","","","","","",
"Hotel Proprietors","87.55 ","","","","","",
"Home Mortgage Bank","79.08 ","","","","","",
"Hire Purchase","82.33 ","","","","","",
"Hindu Marriage","45.03 ","","","","","",
"Hijacking","11.22 ","","","","","",
"Highways","48.01 ","","","","","",
"Heritage and Stabilisation Fund","70.09 ","","","","","",
"Health Surcharge","75.05 ","","","","","",
"Harbours","50.06 ","","","","","",
"Habeas Corpus","8.01 ","","","","","",
"Guarantee of Loans (University of the West Indies)","71.83 ","","","","","",
"Guarantee of Loans (Statutory Authorities)","71.81 ","","","","","",
"Guarantee of Loans (Companies)","71.82 ","","","","","",
"Government Securities","71.42 ","","","","","",
"Government Savings Bonds","71.41 ","","","","","",
"Girl Guides Association","40.71 ","","","","","",
"Geological Survey","60.02 ","","","","","",
"Geographical Indications","82.78 ","","","","","",
"Genocide","11.20 ","","","","","",
"Geneva Conventions","12.09 ","","","","","",
"General Local Loan (Municipal Corporations)","71.60 ","","","","","",
"General Local Loan","71.02 ","","","","","",
"General Loan and Stock","71.01 ","","","","","",
"Gambling and Betting","11.19 ","","","","","",
"Friendly Societies Housing Corporation","33.05 ","","","","","",
"Friendly Societies","32.50 ","","","","","",
"Freedom of Information","22.02 ","","","","","",
"Forgery","11.13 ","","","","","",
"Forests","66.01 ","","","","","",
"Foreign Labour Contracts","88.11 ","","","","","",
"Foreign Investment","70.07 ","","","","","",
"Food and Drugs","30.01 ","","","","","",
"Fishing Industry (Assistance)","85.03 ","","","","","",
"Fisheries","67.51 ","","","","","",
"Fiscal Incentives","85.01 ","","","","","",
"Fire Service","35.50 ","","","","","",
"Firearms","16.01 ","","","","","",
"Financial Intelligence Unit of Trinidad and Tobago","72.01 ","","","","","",
"Financial Institutions","79.09 ","","","","","",
"Fertilisers and Feeding Stuffs","63.55 ","","","","","",
"Farmers Advances","63.51 ","","","","","",
"Family Proceedings","46.09 ","","","","","",
"Family Law (Guardianship of Minors   Domicile and Maintenance)","46.08 ","","","","","",
"Fair Trading","81.13 ","","","","","",
"Extradition (Commonwealth and Foreign Territories)","12.04 ","","","","","",
"External Loans","71.05 ","","","","","",
"Exportation of Fruit","63.53 ","","","","","",
"Explosives","16.02 ","","","","","",
"Expenditure in Advance of Appropriation","69.02 ","","","","","",
"Excise (General Provisions)","78.50 ","","","","","",
"Exchequer and Audit","69.01 ","","","","","",
"Exchange Control","79.50 ","","","","","",
"Evidence","7.02 ","","","","","",
"Equal Opportunity","22.03 ","","","","","",
"Environmental Management","35.05 ","","","","","",
"Engineering Profession","90.01 ","","","","","",
"Employment Exchange","88.09 ","","","","","",
"Emigration (Children)","18.02 ","","","","","",
"Emergency Ambulance Services and Emergency Medical Personnel","29.02 ","","","","","",
"Electronic Transfer of Funds Crime","79.51 ","","","","","",
"Electronic Transactions","22.05 ","","","","","",
"Electricity (Inspection)","54.72 ","","","","","11/01/2016",
"Electric Installations (Buildings)","54.71 ","","","","","",
"Elections and Boundaries Commission (Local Government and Tobago House of  Assembly)","25.50 ","","","","","",
"Education","39.01 ","","","","","",
"Economic Sanctions","81.05 ","","","","","",
"Dry River","26.50 ","","","","","",
"Droghers","50.07 ","","","","","",
"Domestic Violence","45.56 ","","","","","",
"Dog Control","67.56 ","","","","","",
"Dogs","67.54 ","","","","","",
"Division of Trinidad","26.01 ","","","","","",
"Disposal of Uncleared Goods","51.05 ","","","","","",
"Disasters Measures","16.50 ","","","","","",
"Diplomatic Agents and Consular Officers (Oaths and Notarial Acts)","17.03 ","","","","","",
"Development Loans","71.04 ","","","","","",
"Dental Profession","29.54 ","","","","","",
"Demolition of Unsafe Structures","35.55 ","","","","","",
"Defence","14.01 ","","","","","",
"Deeds of Arrangement","9.71 ","","","","","",
"Deceased Wife`s Sister`s Marriage","45.54 ","","","","","",
"Debtors","8.07 ","","","","","",
"Data Protection","22.04 ","","","","","",
"Dangerous Drugs","11.25 ","","","","","",
"Customs Brokers and Customs Clerks","78.03 ","","","","","",
"Customs","78.01 ","","","","","",
"Criminal Procedure (Plea Discussion and Plea Agreement)","13.07 ","","","","","",
"Criminal Procedure (Corporations)","12.03 ","","","","","",
"Criminal Procedure","12.02 ","","","","","",
"Criminal Offences","11.01 ","","","","","",
"Criminal Law","10.04 ","","","","","",
"Criminal Injuries Compensation","5.31 ","","","","","",
"Cremation","30.51 ","","","","","",
"Court Deposits","7.05 ","","","","","",
"Country Markets","68.02 ","","","","","",
"Counting Unremunerated Work","19.09 ","","","","","",
"Council of Legal Education","39.50 ","","","","","",
"Corporation Tax","75.02 ","","","","","",
"Corporal Punishment (Offenders Over Eighteen)","13.04 ","","","","","",
"Coroners","6.04 ","","","","","",
"Copyright","82.80 ","","","","","",
"Copra Products Control","64.30 ","","","","","",
"Co-operative Societies","81.03 ","","","","","",
"Conveyancing and Law of Property","56.01 ","","","","","",
"Control of Importation of Live Fish","67.52 ","","","","","",
"Continental Shelf","1.52 ","","","","","",
"Consumer Protection and Safety","82.34 ","","","","","",
"Constitution (Prescribed Matters)","1.02 ","","","","","",
"Constitution of the Republic of Trinidad and Tobago","1.01 ","","","","","",
"Conservation of Wild Life","67.01 ","","","","","",
"Computer Misuse","11.17 ","","","","","",
"Compensation for Injuries","8.05 ","","","","","",
"Companies","81.01 ","","","","","",
"Community Service Orders","13.06 ","","","","","",
"Commonwealth Secretariat (Privileges and Immunities)","17.02 ","","","","","",
"Commonwealth Development Corporation (Privileges and Immunities)","17.05 ","","","","","",
"Commissions of Enquiry","19.01 ","","","","","",
"Commissioners of Affidavits","6.52 ","","","","","",
"College of Science   Technology and Applied Arts of Trinidad and Tobago","39.56 ","","","","","",
"Coinage Offences","11.15 ","","","","","",
"Cohabitational Relationships","45.55 ","","","","","",
"Cocoa (Import and Export)","64.21 ","","","","","",
"Cocoa and Coffee Industry","64.20 ","","","","","",
"Claying of Cocoa","64.22 ","","","","","",
"Civil Service","23.01 ","","","","","",
"Civil Aviation (Tokyo Convention)","11.21 ","","","","","",
"Civil Aviation","49.03 ","","","","","",
"City of San Fernando","25.06 ","","","","","",
"Citizenship of the Republic of Trinidad and Tobago","1.50 ","","","","","",
"Cipriani College of Labour and Co-operative Studies","39.51 ","","","","","",
"Cinematograph","20.10 ","","","","","",
"Children and Young Persons (Harmful Publications)","11.18 ","","","","","",
"Children`s Authority","46.10 ","","","","","",
"Children`s Life Fund","29.01 ","","","","","",
"Children","46.01 ","","","","","",
"Chaguaramas Development Authority","35.02 ","","","","","",
"Chaguaramas Agreement Special Fund","35.03 ","","","","","",
"Central Tenders Board","71.91 ","","","","","",
"Central Bank","79.02 ","","","","","",
"Casual Revenue","74.04 ","","","","","",
"Carriage of Goods by Sea","50.02 ","","","","","",
"Caroni (1975) Limited Vesting","64.07 ","","","","","",
"Caroni(1975) Limited and Orange Grove National Company Limited (Divestment)","64.08 ","","","","","",
"Caricom Enterprises","81.04 ","","","","","",
"Caribbean Meteorological Organisation","55.01 ","","","","","",
"Caribbean Investment Fund","70.05 ","","","","","",
"Caribbean Investment Corporation","70.03 ","","","","","",
"Caribbean Industrial Research Institute","85.52 ","","","","","",
"Caribbean Food Corporation","63.03 ","","","","","",
"Caribbean Fisheries Training and Development Institute","39.53 ","","","","","",
"Caribbean Examinations Council (Privileges and Immunities)","17.07 ","","","","","",
"Caribbean Examinations Council","39.07 ","","","","","",
"Caribbean Development Bank","79.05 ","","","","","",
"Caribbean Court of Justice Trust Fund","70.08 ","","","","","",
"Caribbean Court of Justice (Headquarters)","6.05 ","","","","","",
"Caribbean Court of Justice","4.02 ","","","","","",
"Caribbean Community Development Loans and Guarantee","70.04 ","","","","","",
"Caribbean Community (Caricom) Regional Organisation for Standards and Quality","82.05 ","","","","","",
"Caribbean Community (Caricom) Dominican Republic Free Trade","81.06 ","","","","","",
"Caribbean Community (Caricom) Cuba Trade and Economic Co-operation","81.12 ","","","","","",
"Caribbean Community (Caricom) Costa Rica Free Trade","81.10 ","","","","","",
"Caribbean Community","81.11 ","","","","","",
"Caribbean Aviation Training Institute","39.52 ","","","","","",
"Caribbean Agricultural Research and Development Institute","63.04 ","","","","","",
"Carenage Pier","51.03 ","","","","","",
"Cane-Farmers Rehabilitation Board","64.06 ","","","","","",
"Cadet Force","14.02 ","","","","","",
"CAB International (Regional Centre)","39.55 ","","","","","",
"BWIA International Airways Limited (Vesting)","49.04 ","","","","","",
"Burial Grounds","30.50 ","","","","","",
"Building Societies","33.04 ","","","","","",
"Bruce Stephens Trust","9.32 ","","","","","",
"Brewery","87.52 ","","","","","",
"Boy Scouts Association","40.70 ","","","","","",
"Boxing Control","21.52 ","","","","","",
"Botanic Gardens","41.03 ","","","","","",
"Births and Deaths Registration","44.01 ","","","","","",
"Bills of Sale","82.32 ","","","","","",
"Bills of Lading","50.03 ","","","","","",
"Bills of Exchange","82.31 ","","","","","",
"Betting Levy Board","21.53 ","","","","","",
"Beekeeping and Bee Products","67.53 ","","","","","",
"Basel Convention (Regional Centre for Training and Technology Transfer)","35.49 ","","","","","",
"Bankruptcy","9.70 ","","","","","",
"Bailiffs","4.61 ","","","","","",
"Bail","4.60 ","","","","","",
"Auxiliary Fire Service","35.54 ","","","","","",
"Auctioneers","84.03 ","","","","","",
"Attachment of Earnings (Maintenance)","45.52 ","","","","","",
"Association of Caribbean States (Headquarters)","81.09 ","","","","","",
"Assisted Secondary School Teachers` Pensions","39.03 ","","","","","",
"Asphalt Industry Regulation","87.50 ","","","","","",
"Architecture Profession","90.02 ","","","","","",
"Archipelagic Waters and Exclusive Economic Zone","51.06 ","","","","","",
"Arbitration (Foreign Arbitral Awards)","5.30 ","","","","","",
"Arbitration","5.01 ","","","","","",
"Apportionment","8.06 ","","","","","",
"Anti-Terrorism","12.07 ","","","","","",
"Anti-Personnel Mines","16.03 ","","","","","",
"Anti-Dumping and Countervailing Duties","78.05 ","","","","","",
"Antibiotics","30.02 ","","","","","",
"Animals (Diseases and Importation)","67.02 ","","","","","",
"Anatomy","28.06 ","","","","","",
"Airports Authority of Trinidad and Tobago","49.02 ","","","","","",
"Agricultural Society","63.01 ","","","","","",
"Agricultural Small Holdings Tenure","59.53 ","","","","","",
"Agricultural Fires","63.02 ","","","","","",
"Agricultural Development Bank","79.07 ","","","","","",
"Agricultural Contracts","63.50 ","","","","","",
"Age of Majority","46.06 ","","","","","",
"Advertisements Regulation","35.53 ","","","","","",
"Adoption of Children","46.03 ","","","","","",
"Administration of Justice (Deoxyribonucleic Acid)","5.34 ","","","","","",
"Administration of Estates","9.01 ","","","","","",
"Accreditation Council of Trinidad and Tobago","39.06 ","","","","","",
"Accessories and Abettors","10.02 ","","","","","",
"Absconding Debtors","8.08 ","","","","","",
