"Reference","Business Unit","System Name","Recovery Time","Location","Title","Component Name","Scenerio","Description","Reason","Criticality","Objective","Security Level","Action","who","File Name",
"ST15102801","Data Centre - Chaguanas","","4Hours","","","Storage Node","","","","","","None","BRing back Storage node","John Vignette","",
"ST15102802","Data Centre - Chaguanas","","6Hours","","","Active Directory Service","","","","","","None","Active Directory Service back up","John Vignette","",
"ST15102803","Data Centre - Chaguanas","","8Hours","","","Email services ","","","","Not Critical","","","Email services  backup,","Administrator Moffat,","",
"ST15102804","Data Centre - Chaguanas","","12Hours","","","Data","","","","Not Critical","","None","Data backup","John Vignette","",
"ST15120805","Data Centre - Chaguanas","Internet Edge","6-8Hours","","Loss of Internet Edge","","Loss of Off-island Links","Loss of 50@ or greater total bandwidth capacity","External/off-island fiber break ","Critical - Balanced Revenue","Restore Capacity to 50@ or greater","","Activate Disaster Rules on Packet Logic,Activate Disaster Rules on ABN","John Vignette,John Vignette","",
"ST15120806","Data Centre - Chaguanas","Internet Edge","6-8Hours","","Loss of Internet Edge","","Loss of Off-island Links","Loss of 50@ or greater total bandwidth capacity","Internal/On-island fiber break","Critical - Balanced Revenue","Restore Capacity to 50@ or greater","","Activate Disaster Rules on Packet Logic,Activate Disaster Rules on ABN,Re-Route Fiber to non-affected IE","John Vignette,John Vignette,John Vignette","",
"ST15120807","Data Centre - Chaguanas","Internet Edge","6-8Hours","","Loss of Internet Edge","","Loss of Off-island Links","Loss of 50@ or greater total bandwidth capacity","IE 10GE Card Failure","Critical - Balanced Revenue","Restore Capacity to 50@ or greater","","Activate Disaster Rules on PacketLogic,Activate Disaster Rules on ABN,Move affected 10GE links to free ports on same chassis or re-route to free ports on unaffected chassis","John Vignette,John Vignette,John Vignette","",
"ST15120808","Data Centre - Chaguanas","Internet Edge","6-8Hours","","Loss of Internet Edge","","Loss of Off-island Links","Loss of 50@ or greater total bandwidth capacity","Loss of Cable Station","Critical - Balanced Revenue","Restore Capacity to 50@ or greater","","Activate Disaster Rules on Packet Logic,Activate Disaster Rules on ABN,Activate Satellite Backup","John Vignette,John Vignette,John Vignette","",
"ST15120809","Data Centre - Chaguanas","Internet Edge","6-8Hours","","Loss of Internet Edge","","Loss of 1  Internet Edge Router","Loss of 50@ or greater total bandwidth capacity","Complete Chassis Hardware Failure","Critical - Balanced Revenue","Restore Capacity to 50@ or greater","","Activate Disaster Rules on Packet Logic,Activate Disaster Rules on ABN,Re-Route Fiber to non-affected IE Or Install spare EX-4550 as temp replacement,Activate RMA process for chassis","John Vignette,John Vignette,John Vignette,John Vignette","",
"ST15120810","Data Centre - Chaguanas","Core Routing","<1Hours","","Loss of Core Routing","","Uplinks + Interlinkss/Cross-site links fail","Uplinks + Interlinks/Cross-site links fail concurrently
2.	1 CO device Fails
3.	Routing loop on Core","Fiber break affecting port-channels and interlinks between IE-MX-480 and CO-7609. ","Critical - Balanced Revenue","Restoration to a normalized service","","Failover all links to one chassis ,Shutdown all facing links on one side.,Verify Failover successful to single chassis.","John Vignette,John Vignette,John Vignette",",,",
"ST15120811","Data Centre - Chaguanas","Core Routing","<1Hours","","Loss of Core Routing","","Uplinks/Downlinks Fail on Core devices","Uplinks + Interlinks/Cross-site links fail concurrently
2.	1 CO device Fails
3.	Routing loop on Core
","All optics gone bad","Critical - Balanced Revenue","Restoration to a normalized service","","Replace all defective optics with certified spares and verify light levels","John Vignette","",
"ST15120812","Data Centre - Chaguanas","Core Routing","<1Hours","","Loss of Core Routing","","Uplinks/Downlinks Fail on Core devices","Uplinks + Interlinks/Cross-site links fail concurrently
2.	1 CO device Fails
3.	Routing loop on Core
","All fibres broken","Critical - Balanced Revenue","Restoration to a normalized service","","Replace all bad jumpers with certified spares and verify light levels","John Vignette","",
"ST15120813","Data Centre - Chaguanas","Core Routing","<1Hours","","Loss of Core Routing","","Uplinks/Downlinks Fail on Core devices","Uplinks + Interlinks/Cross-site links fail concurrently
2.	1 CO device Fails
3.	Routing loop on Core
","Ports are bad","Critical - Balanced Revenue","Restoration to a normalized service","","Swap all link ports on both side.,Swap PIC or linecard if available.,Rewire New links to temporarily restore service.","John Vignette,John Vignette,John Vignette","",
"ST15120814","Data Centre - Chaguanas","Core Routing","<1Hours","","Loss of Core Routing","","Routing Loops","Uplinks + Interlinks/Cross-site links fail concurrently
2.	1 CO device Fails
3.	Routing loop on Core
","Link are up and not passing traffic.","Critical - Balanced Revenue","Restoration to a normalized service","","Rollback all configs  and physical changes to previous state.,Failover Routing engines and test connectivity.","John Vignette,John Vignette","",
"ST15120815","Data Centre - Chaguanas","Core Routing","<1Hours","","Loss of Core Routing","","1 or greater Device stop passing traffic","Uplinks + Interlinks/Cross-site links fail concurrently
2.	1 CO device Fails
3.	Routing loop on Core
","Loss of all Power to device/devices.","Critical - Balanced Revenue","Restoration to a normalized service","","Replace power supply in fail chassis with certified spare.,Verify services.,Change plant source for chassis.,Verify services.,Configure spare chassis.,Rack and rewire all connected devices to spare chassis.,Verify services.","John Vignette,John Vignette,John Vignette,John Vignette,John Vignette,John Vignette,John Vignette","",
"ST15120816","Data Centre - Chaguanas","Core Routing","<1Hours","","Loss of Core Routing","","1 or greater Device stop passing traffic","Uplinks + Interlinks/Cross-site links fail concurrently
2.	1 CO device Fails
3.	Routing loop on Core
","Loss of both routing engines","Critical - Balanced Revenue","Restoration to a normalized service","","Replace routing engine with certified spare on chassis. ,Verify services and RMA defective","John Vignette,John Vignette","",
"ST15120817","Data Centre - Chaguanas","CM Core","<1Hours","","Loss of CM Core","","CM router fails","CM Device Fails","Chassis failure/fault","Not Critical","Restore capacity ","","Add additional 10G link on free port of work CM,Un-rack faulty chassis,Rack spare chassis and re-use linecards,RMA Device","John Vignette,John Vignette,John Vignette,John Vignette","",
"ST15120818","Data Centre - Chaguanas","CM Edge Device (CMTS)","1Hours","","Loss of CM Edge Device (CMTS)","","CMTS device fails","CMTS Device Fails","Chassis failure ","Critical - Balanced Revenue","Restore service to affected Users ","","Unrack faulty chassis,Rack Spare Chassis & Power,Re-use linecards,Verify services","John Vignette,John Vignette,John Vignette,John Vignette","",
"ST15120819","Data Centre - Chaguanas","CM Edge Device (CMTS)","1Hours","","Loss of CM Edge Device (CMTS)","","CMTS device fails","CMTS Device Fails","Control Complex Double fault due RCM/SCM failures in both complexes","Critical - Balanced Revenue","Restore service to affected Users ","","Remove faulty RCM/SCM,Replace with Spare,Bring CMTS online,Verify Services","John Vignette,John Vignette,John Vignette,John Vignette","",
"ST15120820","Data Centre - Chaguanas","Metro: Core","1Hours","","Loss of Metro: Core ","","Cross-site/Interlink fails","1.	Cross-site/Interlink fails
2.	Layer 2 Loops
3.	Uplinks to Core Routers
4.	Routing Loops
5.	1 or greater Device stop passing traffic (CRITICAL)
","Fiber break affecting both diverse paths of port-channel ","Critical - Balanced Revenue","Restore to normalized service (stable L3 and loop free L2 traffic forwarding) ","","Failover all link to one MX480,Shutdown all 4510 facing links on one side.,Verify Failover successful to single chassis.","John Vignette,John Vignette,John Vignette",",,",
"ST15120821","Data Centre - Chaguanas","Metro: Core","1Hours","","Loss of Metro: Core ","","Uplinks to Core Routers","1.	Cross-site/Interlink fails
2.	Layer 2 Loops
3.	Uplinks to Core Routers
4.	Routing Loops
5.	1 or greater Device stop passing traffic (CRITICAL)
","All optics gone bad","Critical - Balanced Revenue","Restore to normalized service (stable L3 and loop free L2 traffic forwarding) ","","Replace all defective optics with certified spares and verify light levels","John Vignette","",
"ST15120822","Data Centre - Chaguanas","Metro: Core","1Hours","","Loss of Metro: Core ","","Uplinks to Core Routers","1.	Cross-site/Interlink fails
2.	Layer 2 Loops
3.	Uplinks to Core Routers
4.	Routing Loops
5.	1 or greater Device stop passing traffic (CRITICAL)
","All fibres broken","Critical - Balanced Revenue","Restore to normalized service (stable L3 and loop free L2 traffic forwarding) ","","Replace all bad jumpers with certified spares and verify light levels","John Vignette","",
"ST15120823","Data Centre - Chaguanas","Metro: Core","1Hours","","Loss of Metro: Core ","","Uplinks to Core Routers","1.	Cross-site/Interlink fails
2.	Layer 2 Loops
3.	Uplinks to Core Routers
4.	Routing Loops
5.	1 or greater Device stop passing traffic (CRITICAL)
","Ports are bad","Critical - Balanced Revenue","Restore to normalized service (stable L3 and loop free L2 traffic forwarding) ","","Swap all link ports on both side.,Swap PIC or linecard if available.,Rewire New links to temporarily restore service.","John Vignette,John Vignette,John Vignette","",
"ST15120824","Data Centre - Chaguanas","Metro: Core","1Hours","","Loss of Metro: Core ","","Layer 2 Loops / Routing Loops","1.	Cross-site/Interlink fails
2.	Layer 2 Loops
3.	Uplinks to Core Routers
4.	Routing Loops
5.	1 or greater Device stop passing traffic (CRITICAL)
","Link are up and not passing traffic.","Critical - Balanced Revenue","Restore to normalized service (stable L3 and loop free L2 traffic forwarding) ","","Rollback all configs  and physical changes to previous state.,Failover Routing engines and test connectivity.","John Vignette,John Vignette","",
"ST15120825","Data Centre - Chaguanas","Metro: Core","1Hours","","Loss of Metro: Core ","","1 or greater Device stop passing traffic","1.	Cross-site/Interlink fails
2.	Layer 2 Loops
3.	Uplinks to Core Routers
4.	Routing Loops
5.	1 or greater Device stop passing traffic (CRITICAL)
","Loss of all Power to device.","Critical - Balanced Revenue","Restore to normalized service (stable L3 and loop free L2 traffic forwarding) ","","Replace power supply in fail chassis with certified spare.,Verify services.,Change plant source for chassis.,Verify services.,Configure spare chassis.,Rack and rewire all connected devices to spare chassis.,Verify services.","John Vignette,John Vignette,John Vignette,John Vignette,John Vignette,John Vignette,John Vignette","",
"ST15120826","Data Centre - Chaguanas","Metro: Core","1Hours","","Loss of Metro: Core ","","1 or greater Device stop passing traffic","1.	Cross-site/Interlink fails
2.	Layer 2 Loops
3.	Uplinks to Core Routers
4.	Routing Loops
5.	1 or greater Device stop passing traffic (CRITICAL)
","Loss of both routing engines","Critical - Balanced Revenue","Restore to normalized service (stable L3 and loop free L2 traffic forwarding) ","","Replace routing engine with certified spare on chassis.,Verify services and RMA defective","John Vignette,John Vignette","",
"ST15120827","Data Centre - Chaguanas","Metro: Edge","1Hours","","Loss of Metro: Edge ","","1 Access Edge stop switching traffic","Access Edge stop switching traffic (GPON/Ethernet)","Loss of Power to device.","Not Critical","Restore to normalized service (stable L3 and loop free L2 traffic forwarding) ","","Loss of Power to device.,Replace failed power supply in chassis with certified spare.,Verify services and RMA Faulty part.","John Vignette,John Vignette,John Vignette",",,",
"ST15120828","Data Centre - Chaguanas","Metro: Edge","1Hours","","Loss of Metro: Edge ","","1 Access Edge stop switching traffic","Access Edge stop switching traffic (GPON/Ethernet)","FAN Tray failed and our device over heated.","Not Critical","Restore to normalized service (stable L3 and loop free L2 traffic forwarding) ","","Elevate temperature to device.,Replace failed  fan tray in chassis with certified spare.,Verify services,Low POP AC units and or place external fan near chassis.,Verify services","John Vignette,John Vignette,John Vignette,John Vignette,John Vignette",",,,,",
"ST15120829","Data Centre - Chaguanas","Metro: Edge","1Hours","","Loss of Metro: Edge ","","Access Edge stop switching traffic","Access Edge stop switching traffic (GPON/Ethernet)","L2 Loop affecting one Device","Not Critical","Restore to normalized service (stable L3 and loop free L2 traffic forwarding) ","","Shutdown 1 uplink to device.,Rollback any previous changes.,Shutdown all Customer facing interface until loop source is identified.","John Vignette,John Vignette,John Vignette",",,",
"ST15120830","Data Centre - Chaguanas","Metro: Edge","1Hours","","Loss of Metro: Edge ","","1 Access Edge stop switching traffic","Access Edge stop switching traffic (GPON/Ethernet)","All optics gone bad","Not Critical","Restore to normalized service (stable L3 and loop free L2 traffic forwarding) ","","Replace all defective optics with certified spares and verify light levels","John Vignette","",
"ST15120831","Data Centre - Chaguanas","Metro: Edge","1Hours","","Loss of Metro: Edge ","","1 Access Edge stop switching traffic","Access Edge stop switching traffic (GPON/Ethernet)","All fibres broken","Not Critical","Restore to normalized service (stable L3 and loop free L2 traffic forwarding) ","","Replace all bad jumpers with certified spares and verify light levels","John Vignette","",
"ST15120832","Data Centre - Chaguanas","Metro: Edge","1Hours","","Loss of Metro: Edge ","","1 Access Edge stop switching traffic","Access Edge stop switching traffic (GPON/Ethernet)","Ports are bad","Very Critical - VIP","Restore to normalized service (stable L3 and loop free L2 traffic forwarding) ","","Swap all link ports on both side.,Swap SCP card if available.,Rewire New links to temporarily restore service.,cccccc","John Vignette,John Vignette,John Vignette,Vishwarnath Siggh",",,,",
"ST15120933","Data Centre - Chaguanas","MPLS Nodes","24Hours","","Loss of MPLS Nodes","","1 CN MPLS Node stops passing traffic (LOW)","1.	CN MPLS Node stops passing traffic (LOW)
2.	CN MPLS Node stop passing traffic (HIGH)
","<Assumed reasons>","Not Critical","Service restoration --Externally managed. Escalate to CN","","Escalate immediately to CN NOC and Ipservices and work with them for speedy resolution.","John Vignette","",
"ST15120934","Data Centre - Chaguanas","MPLS Nodes","24Hours","","Loss of MPLS Nodes","","2 CN MPLS Node stop passing traffic (HIGH)","1.	CN MPLS Node stops passing traffic (LOW)
2.	CN MPLS Node stop passing traffic (HIGH)
","","Not Critical","Service restoration --Externally managed. Escalate to CN","","Escalate immediately to CN NOC and Ipservices and work with them for speedy resolution.","John Vignette","",
"ST15120935","Data Centre - Chaguanas","DC Routing","8Hours","","Loss of DC Routing","","Loss of TAC-DC-1","1.	DC 1 stops routing all traffic (HIGH)
2.	DC3 stops routing all traffic (MEDIUM)
","Complete Chassis Failure","Not Critical","Restore connectivity to critical services: Saffari (Voice Switch), Provisioning, DNS, Cloud Voice","","Verify Provisioning and other blade-centre services fail over to CHG-DC-3,Verify FWs failover to CHG,Migrate CV GWs to DC-2,Swap out chassis with spare 7609,Activate RMA process","John Vignette,John Vignette,John Vignette,John Vignette,John Vignette","",
"ST15120936","Data Centre - Chaguanas","DC Routing","8Hours","","Loss of DC Routing","","Loss of TAC-DC-1","1.	DC 1 stops routing all traffic (HIGH)
2.	DC3 stops routing all traffic (MEDIUM)
","Routing Loop","Not Critical","Restore connectivity to critical services: Saffari (Voice Switch), Provisioning, DNS, Cloud Voice","","Manually failover Provisioning and other blade-centre services to CHG-DC,Manually failover FWs to CHG,Migrate CV GWs to DC-2,Shutdown TAC-DC-1 uplinks to Core,Initiate troubleshooting ticket with Cisco at Critical Priority","John Vignette,John Vignette,John Vignette,John Vignette,John Vignette","",
"ST15120937","Data Centre - Chaguanas","DC Routing","8Hours","","Loss of DC Routing","","Loss of TAC-DC-1","1.	DC 1 stops routing all traffic (HIGH)
2.	DC3 stops routing all traffic (MEDIUM)
","IOS Bug","Not Critical","Restore connectivity to critical services: Saffari (Voice Switch), Provisioning, DNS, Cloud Voice","","Manually failover Provisioning and other blade-centre services to CHG-DC,Manually failover FWs to CHG,Migrate CV GWs to DC-2,Initiate troubleshooting ticket with Cisco at Critical Priority","John Vignette,John Vignette,John Vignette,John Vignette","",
"ST15120938","Data Centre - Chaguanas","DC Routing","8Hours","","Loss of DC Routing","","Loss of CHG-DC-3","1.	DC 1 stops routing all traffic (HIGH)
2.	DC3 stops routing all traffic (MEDIUM)
","Complete Chassis Failure","Not Critical","Restore connectivity to critical services: Saffari (Voice Switch), Provisioning, DNS, Cloud Voice","","Verify Provisioning and other blade-centre services fail over to TAC-DC-1,Verify FWs are active on TAC,Activate TAC-GGC capacity turnup from 7.2Gbps to 14.5Gbps,Swap out chassis with spare 7609,Activate RMA process","John Vignette,John Vignette,John Vignette,John Vignette,John Vignette","",
"ST15120939","Data Centre - Chaguanas","Management","24Hours","","Loss of Management","","Loss of Out of Band Management to Core devices","Loss of out-of-band/remote Management ","Loss of switch in Management Ring or ","Not Critical","Restore remote management","","If physical switch is deemed as defective  replace with spare switch,Console servers in POS and TAC can be utilized until out of band management is restored,In-band management can be used until restoration of Management Ring,","John Vignette,John Vignette,John Vignette,","",
"ST15120940","Data Centre - Chaguanas","Management","24Hours","","Loss of Management","","Loss of Out of Band Management to Core devices","Loss of out-of-band/remote Management ","Fiber break of Site to site links","Not Critical","Restore remote management","","Restoration of fiber break,Console servers in POS and TAC can be utilized until out of band management is restored.,In-band management can be used until restoration of Management Ring","John Vignette,John Vignette,John Vignette","",
"ST15120941","Data Centre - Chaguanas","Network Security","1Hours","","Loss of Network Security","","Corporate Firewall Stops passing traffic","1.	Corporate firewall stops passing traffic (CRITICAL)
2.	Billing firewall stops passing traffic (HIGH)
3.	Compromised TACACS credentials with read/write privilege (HIGH)
4.	DCN firewall stops passing traffic (LOW)
5.	Management/ISG stops passing traffic (LOW)
","Linecard failure of active Firewall","Not Critical","Restore connectivity to affected services","","Fail active cluster to backup,Verify services,Replace linecard with spare,Verify firewall stable,Allow for pre-empt,Verify services","John Vignette,John Vignette,John Vignette,John Vignette,John Vignette,John Vignette","",
"ST15120942","Data Centre - Chaguanas","Network Security","1Hours","","Loss of Network Security","","Corporate Firewall Stops passing traffic","1.	Corporate firewall stops passing traffic (CRITICAL)
2.	Billing firewall stops passing traffic (HIGH)
3.	Compromised TACACS credentials with read/write privilege (HIGH)
4.	DCN firewall stops passing traffic (LOW)
5.	Management/ISG stops passing traffic (LOW)
","Software stall","Not Critical","Restore connectivity to affected services","","Fail active cluster to backup,Verify services","John Vignette,John Vignette","",
"ST15120943","Data Centre - Chaguanas","Network Security","1Hours","","Loss of Network Security","","Billing Firewall Stops passing traffic","1.	Corporate firewall stops passing traffic (CRITICAL)
2.	Billing firewall stops passing traffic (HIGH)
3.	Compromised TACACS credentials with read/write privilege (HIGH)
4.	DCN firewall stops passing traffic (LOW)
5.	Management/ISG stops passing traffic (LOW)
","Connectivity to issues with MPLS cloud","Not Critical","Restore connectivity to affected services","","Fail to IPSEC,Verify services,If no change fail to backup cluster,Verify services,Ensure issue resolution before allowing for pre-empt,Verify services","John Vignette,John Vignette,John Vignette,John Vignette,John Vignette,John Vignette","",
"ST15120944","Data Centre - Chaguanas","Network Security","1Hours","","Loss of Network Security","","Billing Firewall Stops passing traffic","1.	Corporate firewall stops passing traffic (CRITICAL)
2.	Billing firewall stops passing traffic (HIGH)
3.	Compromised TACACS credentials with read/write privilege (HIGH)
4.	DCN firewall stops passing traffic (LOW)
5.	Management/ISG stops passing traffic (LOW)
","Software stall","Not Critical","Restore connectivity to affected services","","Fail active cluster to backup,Verify services,Replace linecard with spare,Verify firewall stable,Allow for pre-empt,Verify services","John Vignette,John Vignette,John Vignette,John Vignette,John Vignette,John Vignette","",
"ST15120945","Data Centre - Chaguanas","Network Security","1Hours","","Loss of Network Security","","Security breach","1.	Corporate firewall stops passing traffic (CRITICAL)
2.	Billing firewall stops passing traffic (HIGH)
3.	Compromised TACACS credentials with read/write privilege (HIGH)
4.	DCN firewall stops passing traffic (LOW)
5.	Management/ISG stops passing traffic (LOW)
","Compromised TACS credentials with read/write privilege","Not Critical","Restore connectivity to affected services","","Disable account,Terminate all active session of user account ,Issue user temporary account until investigation is complete","John Vignette,John Vignette,John Vignette","",
"ST15120946","Data Centre - Chaguanas","Network Security","1Hours","","Loss of Network Security","","DCN Firewall Stops passing traffic","1.	Corporate firewall stops passing traffic (CRITICAL)
2.	Billing firewall stops passing traffic (HIGH)
3.	Compromised TACACS credentials with read/write privilege (HIGH)
4.	DCN firewall stops passing traffic (LOW)
5.	Management/ISG stops passing traffic (LOW)
","Routing protocol failure","Not Critical","Restore connectivity to affected services","","Restore OSPF adjacencies,Verify services","John Vignette,John Vignette",",",
"ST15120947","Data Centre - Chaguanas","Network Security","1Hours","","Loss of Network Security","","ISG Firewall Stops passing traffic","1.	Corporate firewall stops passing traffic (CRITICAL)
2.	Billing firewall stops passing traffic (HIGH)
3.	Compromised TACACS credentials with read/write privilege (HIGH)
4.	DCN firewall stops passing traffic (LOW)
5.	Management/ISG stops passing traffic (LOW)","Device stalls or is hard down","Not Critical","Restore connectivity to affected services","","Fail active cluster to backup,Verify services,Replace linecard with spare,Verify firewall stable,Allow for pre-empt,Verify services","John Vignette,John Vignette,John Vignette,John Vignette,John Vignette,John Vignette","",
"ST15120948","Data Centre - Chaguanas","Network Services Critical Data","1Hours","","Loss of Network Services Critical Data","","Loss of network share data","1.	Loss of network share data ( Network Documentation and project documentation)
2.	Loss of network monitoring data
","Loss of Shared Data","Not Critical","Recovery, restore/access data from backup where necessary","","Troubleshoot and verify connectivity to services,Restore from Backup","John Vignette,John Vignette","",
"ST15120949","Data Centre - Chaguanas","Network Services Critical Data","1Hours","","Loss of Network Services Critical Data","","Loss of ISP Monitoring data ","1.	Loss of network share data ( Network Documentation and project documentation)
2.	Loss of network monitoring data
","Data Corruption","Not Critical","Recovery, restore/access data from backup where necessary","","Replace faulty server,Restore from Backup","John Vignette,John Vignette","",
"ST15120950","Data Centre - Chaguanas","Network Services Critical Data","1Hours","","Loss of Network Services Critical Data","","Loss of ISP Monitoring data ","1.	Loss of network share data ( Network Documentation and project documentation)
2.	Loss of network monitoring data
","Server crash","Not Critical","Recovery, restore/access data from backup where necessary","","Replace faulty server,Restore from Backup","John Vignette,John Vignette","",
"ST15120951","Data Centre - Chaguanas","Office Connectivity","2Hours","","Loss of Office Connectivity","","Loss of Office Site/Payment Center","Loss of office site/ payment center","Top switch at office location as stopped responding due hardware issue on switch. ","Not Critical","Restore connectivity for affected location","","Replace switch with pre-configured spare at location. ,Re-connect fiber uplinks to Office Ring. ,Verify that users are obtaining leased addresses from DHCP pool","John Vignette,John Vignette,John Vignette","",
"ST15120952","Data Centre - Chaguanas","Office Connectivity","2Hours","","Loss of Office Connectivity","","Loss of Office Site/Payment Center","Loss of office site/ payment center","Top switch is unresponsive due to bad optic or attenuation at office site","Not Critical","Restore connectivity for affected location","","Check for any physical damage to fiber or attenuation,Check light levels on uplink to Office Ring,Check uplink interface for errors,Make physical checks on Office 3600,Replace optic with optic from spare switch. If switch does not come up then,Replace optic on uplink interface on 3600,","John Vignette,John Vignette,John Vignette,John Vignette,John Vignette,John Vignette,","",
"ST15120953","Data Centre - Chaguanas","Office Connectivity","2Hours","","Loss of Office Connectivity","","Loss of Office Site/Payment Center","Loss of office site/ payment center","Top switch has stopped responding due to power issue at location. Can be due to power outage in the area, where upon restoration phones are not receiving enough power to power phone, or no power feeding switch","Not Critical","Restore connectivity for affected location","","Replace switch with pre-configured switch at location.,Ensure UPS at location to prevent any future occurrence.,Verify phones are receiving power.","John Vignette,John Vignette,John Vignette","",
"ST15120954","Data Centre - Chaguanas","Office Connectivity","2Hours","","Loss of Office Connectivity","","Loss of Office Site/Payment Center","Loss of office site/ payment center","Configuration or physical change that can lead to downtime of Office location, eg. physical loop, mis-configuration on switches.","Not Critical","Restore connectivity for affected location","","If switch is un-reachable  console into switch and verify problem   err-disable on switch.,Re-enable interface.,Verify services are restored.,,","John Vignette,John Vignette,John Vignette,,",",",
"ST15120955","Data Centre - Chaguanas","DNS Service","1Hours","","Loss of DNS Service","","Global DNS Outage","All Nodes stop passing traffic","External DDoS Attack on DNS Infrastructure ","Critical - Balanced Revenue","Restore at least 1 DNS Node to operation","","Contact Upstream to implement DDoS mitigation,On IEs blackhole attacker addresses,On IEs rate limit offending traffic,Update IPTable FW on DNS Serve","John Vignette,John Vignette,John Vignette,John Vignette","",
"ST15120956","Data Centre - Chaguanas","DNS Service","1Hours","","Loss of DNS Service","","Global DNS Outage","All Nodes stop passing traffic","Internal DDoS Attack on DNS Infrastructure","Critical - Balanced Revenue","Restore at least 1 DNS Node to operation","","On CMs MEs Peering Routers implement black-hole for offending source addresses,Update IPTable FW on DNS Servers","John Vignette,John Vignette","",
"ST15120957","Data Centre - Chaguanas","DNS Service","1Hours","","Loss of DNS Service","","Global DNS Outage","All Nodes stop passing traffic","Software Bug","Critical - Balanced Revenue","Restore at least 1 DNS Node to operation","","Export Adonis config to Bind,Install Physical server and import Bind configuration","John Vignette,John Vignette",",",
"ST15120958","Data Centre - Chaguanas","WiFi (F-Spot)","4Hours","","Loss of WiFi (F-Spot)","","F-spot Router  (7206) fail (HIGH)","1.	F-spot Router  (7206) fail (HIGH)
2.	CISCO Wifi Controller fails (HIGH)
","Loss of all Power to device.","Not Critical","Restore WiFi access","","Replace power supply in fail chassis with certified spare.,Verify services.,Change plant source for chassis.,Verify services.,Configure spare chassis.,Rack and rewire all connected devices to spare chassis.,Verify services.","John Vignette,John Vignette,John Vignette,John Vignette,John Vignette,John Vignette,John Vignette","",
"ST15120959","Data Centre - Chaguanas","WiFi (F-Spot)","4Hours","","Loss of WiFi (F-Spot)","","F-spot Router  (7206) fail (HIGH)","1.	F-spot Router  (7206) fail (HIGH)
2.	CISCO Wifi Controller fails (HIGH)","Loss of LINKs to ME","Not Critical","Restore WiFi access","","Rewire New links to temporarily restore service.,Rollback all configs  and physical changes to previous state.","John Vignette,John Vignette","",
"ST15120960","Data Centre - Chaguanas","WiFi (F-Spot)","4Hours","","Loss of WiFi (F-Spot)","","CISCO Wifi Controller fails","1.	F-spot Router  (7206) fail (HIGH)
2.	CISCO Wifi Controller fails (HIGH)","Device Failure","Not Critical","Restore WiFi access","","Configure spare chassis.,Rack and rewire all connected devices to spare chassis.,Verify services.","John Vignette,John Vignette,John Vignette","",
"ST15120961","Data Centre - Chaguanas","BGP Peering point","1Hours","","Loss of BGP Peering point","","Loss of 1 Peering Router","Loss of 1 peering router ","Complete Chassis Failure ","Not Critical","Restore to transit to affected BGP customers ","","Action1,Action 2,Action 3","Gurveer kullar,Gurveer Singh,Gurveer Singh",",,",
"ST15120962","Data Centre - Chaguanas","BGP Peering point","1Hours","","Loss of BGP Peering point","","Loss of 1 Peering Router","Loss of 1 peering router ","Routing Loop","Not Critical","Restore to transit to affected BGP customers ","","Shutdown OSPF and BGP Processes,Migrate customers to 2nd Peering Router.,Initiate troubleshooting ticket with Cisco at High Priority","John Vignette,John Vignette,John Vignette","",
"ST15120963","Data Centre - Chaguanas","BGP Peering point","1Hours","","Loss of BGP Peering point","","Loss of 1 Peering Router","Loss of 1 peering router ","IOS Bug","Not Critical","Restore to transit to affected BGP customers ","","Migrate BGP customers to 2nd Peering Router.,Initiate troubleshooting ticket with Cisco at High Priority","John Vignette,John Vignette",",",
"ST15120964","Data Centre - Chaguanas","Left Hand SAN Cluster","4Hours","","Left Hand Node failure","Storage Node","Node failure","","","Not Critical","","Restricted","Login to HP Storage and confirm Node offline (power failure or otherwise),Contact HP Support and log a ticket; provide Serial# of the offline node. Usually takes 4Hrs ,HP will contact Trinidad’s local representative to provide support,Digi Data to make contact with Trinidad local resource to schedule job.,Visit Data Centre and repair defective / damage hardware,Confirm Service / Hardware is operational & restored","John Vignette,John Vignette,John Vignette,John Vignette,John Vignette,John Vignette",",,,,,",
"ST15120965","Data Centre - Chaguanas","Left Hand SAN Cluster","4Hours","","Left Hand Node hard drive failure","Storage Node","Node hard drive failure","","","Not Critical","","Restricted","Login to HP Storage and confirm hardware is defective and Reseat defective hard disk,Contact HP Support and log a ticket; provide Serial# of the offline node. Usually takes 4Hrs ,HP will contact Trinidad’s local representative to provide support,HP will contact Trinidad’s local representative to provide support,HP will contact Trinidad’s local representative to provide support,Confirm Service / Hardware is operational & restored","John Vignette,John Vignette,John Vignette,John Vignette,John Vignette,John Vignette","",
"ST15120966","Data Centre - Chaguanas","Hitachi Storage Cluster","4Hours","","Hitachi Storage Cluster Storage Node failure","Storage Node","bringing Hitachi Storage Cluster Storage Node back online ","","","Not Critical","","Restricted","Call Fujitsu to schedule job","John Vignette","",
"ST15120967","Data Centre - Chaguanas","Ttops","2Hours","","Broadband Provisioning Operational Servers  failure","Provisioning Services ","bringing Broadband Provisioning Operational Servers online ","","","Not Critical","","","2 physical storage LUNs on the server,Configure OVM server into the current Oracle VM Manger ,Install Oracle VM server on physical system,Migrate existing servers from Backup systems or backup into the new server,Need IP assigned ","John Vignette,John Vignette,John Vignette,John Vignette,John Vignette",",,,,",
"ST15120968","Data Centre - Chaguanas","CC.TT","6Hours","","Domain Controllers failure","Active Directory Service","bringing the Domain Controllers back online","","","Not Critical","","","Analyze the failure with the DC to ensure recovery is not applicable (Or DCpromo).,Once failure is confirmed list Roles of Failed DC and transfer them to the current/primary DC,Remove failed DC from Domain Sites via metadata cleanup,Within Active Directory Sites and Services; Expand Failed DC and ensure no objects are present   then Delete.,Remove DC from all DNS zones within the domain both A and ptr records,Make sure that none of the existing DCs Clients and/or DHCP Scopes (any server) is using the DCs IP for DNS.","John Vignette,John Vignette,John Vignette,John Vignette,John Vignette,John Vignette",",,,,,",
"ST15120969","Data Centre - Chaguanas","Exchange Email","6Hours","","","Email services ","bringing Storage Node back online ","","","Not Critical","","","Retrieve backup of the edb and stm databases of the exchange server (Consistency check),Restore a server with the same specifications of the failed exchange (DNS Name IP address logical Disk information Service packs and hotfixes of OS) or System state Backup,Install Same version of exchange server using the switch “\disasterrecovery” on setup,Once completed restore the exchange backup onto this new server,Using the ESEUTIL tool start testing the integrity of the database then with the recovery on the database removing all corrupted database pages,Using the ISINTEG tool restructure the database and restore each exchange database for the new exchange server","John Vignette,John Vignette,John Vignette,John Vignette,John Vignette,John Vignette","",
"ST15120970","Data Centre - Chaguanas","Tape Backup","8Hours","","Tape Backup Solution failure","Email services ","bringing Tape Backup Solution back online ","","","Not Critical","","","Call IBM to schedule job,Visit Data Centre and repair defective / damage hardware,Confirm Service / Hardware is operational and restored","John Vignette,John Vignette,John Vignette","",
"ST15120971","Data Centre - Chaguanas","User Account Fileshares","12Hours","","Storage Node failure","Data","bringing Storage Node back online ","","","Not Critical","","","Retrieve backup of the shares (Consistency check),Ensure its Logical Disk Information is the same as the original server,Create a server with same DNS name and ip address of the failed serer,Restore all Permissions and files from the backup onto this New server,Verify user checks via Map drive scripts ","John Vignette,John Vignette,John Vignette,John Vignette,John Vignette",",,,,",
"ST15120972","Data Centre - Chaguanas","Department Fileshares","12Hours","","Department File-shares failure","Data","bringing Department File-shares back online ","","","Not Critical","","","Retrieve backup of the shares (Consistency check),Create a server with same DNS name and ip address of the failed serer,Ensure its Logical Disk Information is the same as the original server,Restore all Permissions and files from the backup onto this New server,Verify user checks via Map drive scripts ","John Vignette,John Vignette,John Vignette,John Vignette,John Vignette",",,,,",
"ST15120973","Data Centre - Chaguanas","Solomon","24Hours","","","Data","bringing Solomon DB & Server back online ","","","Not Critical","","","Install a new server with Windows 2003  SP2,Install Solomon and identify existing or new SQL server,Restore SQL Solomon DB from Backup Data Set,Login and confirm Solomon access and data","John Vignette,John Vignette,John Vignette,John Vignette",",,,",
"ST15120974","Data Centre - Chaguanas","Planning","24Hours","","Planning/Lode Data failure","","bringing Planning/Lode Data back online ","","","Not Critical","","","Dell  to make contact with Trinidad local resource to schedule job,Visit Data Centre and repair defective / damage hardware,Confirm Service / Hardware is operational and restored,If db backup is required;  Get script from Lode Data for restore,Login to Oracle via sql prompt ,Import the DMP file (backup) into the existing / new DB,Planning Dept to confirm data and user login /permissions have been restored.","John Vignette,John Vignette,John Vignette,John Vignette,John Vignette,John Vignette,John Vignette",",,,,,,",
"ST15120975","Data Centre - Chaguanas","Terminal Servers","12Hours","top level","Providing a title to evidence that the R1 works","Remote Desktop Services","bringing Terminal Servers back online ","","","Not Critical","","","","","",
