"Reference","Business Unit","System Name","Recovery Time",
"ST15102801","Data Centre - Chaguanas","","4Hours",
"ST15102802","Data Centre - Chaguanas","","6Hours",
"ST15102803","Data Centre - Chaguanas","","8Hours",
"ST15102804","Data Centre - Chaguanas","","12Hours",
"ST15120805","Data Centre - Chaguanas","Internet Edge","6-8Hours",
"ST15120806","Data Centre - Chaguanas","Internet Edge","6-8Hours",
"ST15120807","Data Centre - Chaguanas","Internet Edge","6-8Hours",
"ST15120808","Data Centre - Chaguanas","Internet Edge","6-8Hours",
"ST15120809","Data Centre - Chaguanas","Internet Edge","6-8Hours",
"ST15120810","Data Centre - Chaguanas","Core Routing","<1Hours",
"ST15120811","Data Centre - Chaguanas","Core Routing","<1Hours",
"ST15120812","Data Centre - Chaguanas","Core Routing","<1Hours",
"ST15120813","Data Centre - Chaguanas","Core Routing","<1Hours",
"ST15120814","Data Centre - Chaguanas","Core Routing","<1Hours",
"ST15120815","Data Centre - Chaguanas","Core Routing","<1Hours",
"ST15120816","Data Centre - Chaguanas","Core Routing","<1Hours",
"ST15120817","Data Centre - Chaguanas","CM Core","<1Hours",
"ST15120818","Data Centre - Chaguanas","CM Edge Device (CMTS)","1Hours",
"ST15120819","Data Centre - Chaguanas","CM Edge Device (CMTS)","1Hours",
"ST15120820","Data Centre - Chaguanas","Metro: Core","1Hours",
"ST15120821","Data Centre - Chaguanas","Metro: Core","1Hours",
"ST15120822","Data Centre - Chaguanas","Metro: Core","1Hours",
"ST15120823","Data Centre - Chaguanas","Metro: Core","1Hours",
"ST15120824","Data Centre - Chaguanas","Metro: Core","1Hours",
"ST15120825","Data Centre - Chaguanas","Metro: Core","1Hours",
"ST15120826","Data Centre - Chaguanas","Metro: Core","1Hours",
"ST15120827","Data Centre - Chaguanas","Metro: Edge","1Hours",
"ST15120828","Data Centre - Chaguanas","Metro: Edge","1Hours",
"ST15120829","Data Centre - Chaguanas","Metro: Edge","1Hours",
"ST15120830","Data Centre - Chaguanas","Metro: Edge","1Hours",
"ST15120831","Data Centre - Chaguanas","Metro: Edge","1Hours",
"ST15120832","Data Centre - Chaguanas","Metro: Edge","1Hours",
"ST15120933","Data Centre - Chaguanas","MPLS Nodes","24Hours",
"ST15120934","Data Centre - Chaguanas","MPLS Nodes","24Hours",
"ST15120935","Data Centre - Chaguanas","DC Routing","8Hours",
"ST15120936","Data Centre - Chaguanas","DC Routing","8Hours",
"ST15120937","Data Centre - Chaguanas","DC Routing","8Hours",
"ST15120938","Data Centre - Chaguanas","DC Routing","8Hours",
"ST15120939","Data Centre - Chaguanas","Management","24Hours",
"ST15120940","Data Centre - Chaguanas","Management","24Hours",
"ST15120941","Data Centre - Chaguanas","Network Security","1Hours",
"ST15120942","Data Centre - Chaguanas","Network Security","1Hours",
"ST15120943","Data Centre - Chaguanas","Network Security","1Hours",
"ST15120944","Data Centre - Chaguanas","Network Security","1Hours",
"ST15120945","Data Centre - Chaguanas","Network Security","1Hours",
"ST15120946","Data Centre - Chaguanas","Network Security","1Hours",
"ST15120947","Data Centre - Chaguanas","Network Security","1Hours",
"ST15120948","Data Centre - Chaguanas","Network Services Critical Data","1Hours",
"ST15120949","Data Centre - Chaguanas","Network Services Critical Data","1Hours",
"ST15120950","Data Centre - Chaguanas","Network Services Critical Data","1Hours",
"ST15120951","Data Centre - Chaguanas","Office Connectivity","2Hours",
"ST15120952","Data Centre - Chaguanas","Office Connectivity","2Hours",
"ST15120953","Data Centre - Chaguanas","Office Connectivity","2Hours",
"ST15120954","Data Centre - Chaguanas","Office Connectivity","2Hours",
"ST15120955","Data Centre - Chaguanas","DNS Service","1Hours",
"ST15120956","Data Centre - Chaguanas","DNS Service","1Hours",
"ST15120957","Data Centre - Chaguanas","DNS Service","1Hours",
"ST15120958","Data Centre - Chaguanas","WiFi (F-Spot)","4Hours",
"ST15120959","Data Centre - Chaguanas","WiFi (F-Spot)","4Hours",
"ST15120960","Data Centre - Chaguanas","WiFi (F-Spot)","4Hours",
"ST15120961","Data Centre - Chaguanas","BGP Peering point","1Hours",
"ST15120962","Data Centre - Chaguanas","BGP Peering point","1Hours",
"ST15120963","Data Centre - Chaguanas","BGP Peering point","1Hours",
"ST15120964","Data Centre - Chaguanas","Left Hand SAN Cluster","4Hours",
"ST15120965","Data Centre - Chaguanas","Left Hand SAN Cluster","4Hours",
"ST15120966","Data Centre - Chaguanas","Hitachi Storage Cluster","4Hours",
"ST15120967","Data Centre - Chaguanas","Ttops","2Hours",
"ST15120968","Data Centre - Chaguanas","CC.TT","6Hours",
"ST15120969","Data Centre - Chaguanas","Exchange Email","6Hours",
"ST15120970","Data Centre - Chaguanas","Tape Backup","8Hours",
"ST15120971","Data Centre - Chaguanas","User Account Fileshares","12Hours",
"ST15120972","Data Centre - Chaguanas","Department Fileshares","12Hours",
"ST15120973","Data Centre - Chaguanas","Solomon","24Hours",
"ST15120974","Data Centre - Chaguanas","Planning","24Hours",
"ST15120975","Data Centre - Chaguanas","Terminal Servers","12Hours",
