"CD191030107","Course test","test Description and Objective","1Hours","1Hours",
"CD191025097","Title","Title","1Hours","1Hours",
"CD191024095","sdfsdf","535","1Hours","1Hours",
"CD191024094","Test","test","2Hours","12Hours",
"CD191024093","121terst","test","1Hours","1Hours",
"CD191022084","Course ","Description ","10Hours","10Hours",
"CD191022082","Title","Description ","2Hours","1Hours",
"CD191022072","test","yrdy","2Hours","1Hours",
"CD190919059","no equipment course","no equipment saving","3Hours","2Hours",
"CD190916048","12","tet","10Hours","10Hours",
"CD190911046","Course ","Description","1Hours","1Hours",
"CD190911045","test 25","bfdbgfb","3Hours","3Hours",
