"keshva","thakur","Contractor","2111212","keshvathakur47@gmail.com",
"keshva","thakur","Internal","12343","keshvathakur47@gmail.com",
"keshva","thakur","External","123","keshvathakur47@gmail.com",
"Name","Name","Internal","12345676","Email@gmail.com",
"First Name","tg","Internal","(730) 719-6762","keshvathakur47@gmail.com",
"hhhhhhh","Name","External","(730) 719-6762","keshvathakur47@gmail.com",
"fisrt","jjjjjjj","External","77777","test@test.com",
"fisrt","jjjjjjj","External","77777","test@test.com",
"contactor","Name","Contractor","345","g@g.com",
"int name","Last ","Internal","876","ks@gmail.com",
"first t1","Last ","External","4567","ks@gmail.com",
"First ","Last ","External","","ks@gmail.com",
