<chart exportEnabled='1' showLegend = '1'   exportAtClient='1' exportHandler='fcExporter1' chartRightMargin='15' showValues='0'  yAxisMinValue='0' yAxisMaxValue='10' adjustDiv='' numDivLines='10' caption='Under NHC Graph for 2013' chartleftmargin='15' yAxisName='Number of NHC Causes' xAxisName='RSA' bgColor='F1F1F1' canvasBorderThickness='1' canvasBorderColor='999999' plotFillAngle='330' plotBorderColor='999999' showAlternateVGridColor='1' divLineAlpha='0'><categories><category label='Unsafe_act'/><category label='Unsafe_design'/><category label='Faulty_construction'/><category label='Unsafe_condition'/><category label='Unsafe_method'/></categories><dataset seriesName='CEO' showValues='0'>
<set value='6' />
<set value='1' />
<set value='16' />
<set value='3' />
<set value='0' />
</dataset>
</chart>