<?xml version='1.0' encoding='UTF-8'?><chart><series><value xid='0'><![CDATA[None]]></value><value xid='1'><![CDATA[Others]]></value><value xid='2'><![CDATA[Use-as-is]]></value><value xid='3'><![CDATA[Scrap]]></value><value xid='4'><![CDATA[Rework]]></value><value xid='5'><![CDATA[Repair]]></value><value xid='6'><![CDATA[Quarantine]]></value><value xid='7'><![CDATA[Return to vendor]]></value></series><graphs><graph gid='1'><value xid='0' ><![CDATA[]]></value><value xid='1' ><![CDATA[]]></value><value xid='2' ><![CDATA[]]></value><value xid='3' ><![CDATA[]]></value><value xid='4' ><![CDATA[]]></value><value xid='5' ><![CDATA[2]]></value><value xid='6' ><![CDATA[]]></value><value xid='7' ><![CDATA[]]></value></graph></graphs><labels><label lid='1'><x>0</x><y>25</y><align>center</align><text><![CDATA[<b>NHC Disposition Graphh</b>]]></text></label><label lid='2'><x>0</x><y>295</y><align>center</align><text><![CDATA[<b>Number of NHC Dispositions</b>]]></text></label><label lid='3'><x>5</x><rotate>true</rotate><y>265</y><align>center</align><text><![CDATA[<b>Dispositions</b>]]></text></label></labels></chart>