<?xml version='1.0' encoding='UTF-8'?><chart><series><value xid='0'><![CDATA[Unsafe Act]]></value><value xid='1'><![CDATA[Unsafe Design]]></value><value xid='2'><![CDATA[Faulty Construction]]></value><value xid='3'><![CDATA[Unsafe Condition]]></value><value xid='4'><![CDATA[Unsafe Method]]></value></series><graphs><graph gid='1'><value xid='0' ><![CDATA[0]]></value><value xid='1' ><![CDATA[0]]></value><value xid='2' ><![CDATA[200]]></value><value xid='3' ><![CDATA[0]]></value><value xid='4' ><![CDATA[0]]></value></graph></graphs><labels><label lid='1'><x>0</x><y>25</y><align>center</align><text><![CDATA[<b>NHC Causes Graph</b>]]></text></label><label lid='2'><x>0</x><y>225</y><align>center</align><text><![CDATA[<b>Number of NHC Causes</b>]]></text></label><label lid='3'><x>5</x><rotate>true</rotate><y>195</y><align>center</align><text><![CDATA[<b>Causes</b>]]></text></label></labels></chart>