<chart exportAction='download' exportFileName='Under Chief Operating Officer - Number Graph for 2018' exportEnabled='1' exportAtClient='0' exportHandler='/includes/chartExport/FCExporter.php' chartRightMargin='15' showValues='0'  yAxisMinValue='0' yAxisMaxValue='10' adjustDiv='' numDivLines='10' caption='Under Chief Operating Officer - Number Graph for 2018' chartleftmargin='15' yAxisName='Number of NCR' xAxisName='Business Units' bgColor='F1F1F1' canvasBorderThickness='1' canvasBorderColor='999999' plotFillAngle='330' plotBorderColor='999999' showAlternateVGridColor='1' divLineAlpha='0'><categories><category label=''/></categories><dataset seriesName='Sales And Marketing' showValues='0'>
<set  label='Sales And Marketing' value='0' />
</dataset>
<dataset seriesName='Chief Finance Officer' showValues='0'>
<set  label='Chief Finance Officer' value='0' />
</dataset>
</chart>