<chart exportAction='download' exportFileName='NHC Graph for 2019' exportEnabled='1' exportAtClient='0' exportHandler='/includes/chartExport/FCExporter.php' showLegend = '1' chartRightMargin='15' showValues='0'  yAxisMinValue='0' yAxisMaxValue='10' adjustDiv='' numDivLines='10' caption='NHC Graph for 2019' chartleftmargin='15' yAxisName='Number of NCR' xAxisName='Company' bgColor='F1F1F1' canvasBorderThickness='1' canvasBorderColor='999999' plotFillAngle='330' plotBorderColor='999999' showAlternateVGridColor='1' divLineAlpha='0'><categories><category label='0'/></categories><set  label='Company' value='0' />
<set  label='Close call' value='0' />
<set  label='Contractor' value='0' />
<set  label='Design' value='0' />
<set  label='Hazard' value='0' />
<set  label='Non Conformity - Major' value='0' />
<set  label='Non Conformity - OFI' value='0' />
<set  label='Violence or Aggression' value='0' />
<set  label='Non Conformity - Minor' value='0' />
<set  label='Vehicle' value='0' />
</chart>