<chart exportEnabled='1' showLegend = '1'   exportAtClient='1' exportHandler='fcExporter1' chartRightMargin='15' showValues='0'  yAxisMinValue='0' yAxisMaxValue='10' adjustDiv='' numDivLines='10' caption='NHC Graph for 2013' chartleftmargin='15' yAxisName='Number of NHC Causes' xAxisName='RSA' bgColor='F1F1F1' canvasBorderThickness='1' canvasBorderColor='999999' plotFillAngle='330' plotBorderColor='999999' showAlternateVGridColor='1' divLineAlpha='0'><categories><category label='0'/><category label='1'/><category label='2'/><category label='3'/><category label='4'/><category label='T'/></categories><set  label='Unsafe_act' value='6' />
<set  label='Unsafe_design' value='1' />
<set  label='Faulty_construction' value='16' />
<set  label='Unsafe_condition' value='3' />
<set  label='Unsafe_method' value='0' />
<dataset seriesName=''>
<set  label='' value='' />
</dataset>
</chart>