<?xml version='1.0' encoding='UTF-8'?><pie><slice title='Standards And Enforcement'  url="?year=2008&bu=528"><![CDATA[0]]></slice><slice title='Driver Testing And Licencing'  url="?year=2008&bu=539"><![CDATA[7]]></slice><slice title='Corporate Services'  url="?year=2008&bu=540"><![CDATA[0]]></slice><slice title='Road Safety, Research And Driver Education'  url="?year=2008&bu=541"><![CDATA[0]]></slice><slice title='Visitor(s)'  url="?year=2008&bu=1002"><![CDATA[0]]></slice><slice title='An Garda Síochana'  url="?year=2008&bu=1016"><![CDATA[0]]></slice><slice title='DoT'  url="?year=2008&bu=1051"><![CDATA[0]]></slice><slice title='Bank'  url="?year=2008&bu=1066"><![CDATA[0]]></slice><slice title=' Minister/TD'  url="?year=2008&bu=1084"><![CDATA[0]]></slice><slice title='Residents Association'  url="?year=2008&bu=1085"><![CDATA[0]]></slice><labels><label lid='1'><x>0</x><y>25</y><align>center</align><text><![CDATA[<b>Investigation Graph for 2008</b>]]></text></label></labels></pie>