<chart exportAction='download' exportFileName='Investigation Graph for 2020' exportEnabled='1' exportAtClient='0' exportHandler='/includes/chartExport/FCExporter.php' chartRightMargin='15' showValues='0'  yAxisMinValue='0' yAxisMaxValue='100' adjustDiv='' numDivLines='10' caption='Investigation Graph for 2020' chartleftmargin='15' yAxisName='Number of Investigations' xAxisName='Company Name' bgColor='F1F1F1' canvasBorderThickness='1' canvasBorderColor='999999' plotFillAngle='330' plotBorderColor='999999' showAlternateVGridColor='1' divLineAlpha='0'><categories><category label='0'/><category label='1'/><category label='2'/></categories><set  label='Managing Director' value='0' />
<set  label='Chief Operating Officer' value='0' />
<set  label='Chief Finance Officer' value='0' />
</chart>