<?xml version='1.0' encoding='UTF-8'?><chart><series><value xid='0'><![CDATA[Board]]></value></series><graphs><graph gid='1'><value xid='0'  url='?year=2009&bu=529'><![CDATA[0]]></value></graph></graphs><labels><label lid='1'><x>0</x><y>25</y><align>center</align><text><![CDATA[<b>Investigation Graph for 2009</b>]]></text></label><label lid='2'><x>0</x><y>225</y><align>center</align><text><![CDATA[<b>Number of Investigations</b>]]></text></label><label lid='3'><x>5</x><rotate>true</rotate><y>195</y><align>center</align><text><![CDATA[<b>Company Name</b>]]></text></label></labels></chart>