<?xml version='1.0' encoding='UTF-8'?><chart><series><value xid='0'><![CDATA[Service Officer]]></value><value xid='1'><![CDATA[Supervisor]]></value><value xid='2'><![CDATA[Client]]></value><value xid='3'><![CDATA[Tester]]></value><value xid='4'><![CDATA[Contractor]]></value></series><graphs><graph gid='1'><value xid='0'  url='?year=2010&bu=924'><![CDATA[0]]></value><value xid='1'  url='?year=2010&bu=925'><![CDATA[0]]></value><value xid='2'  url='?year=2010&bu=926'><![CDATA[0]]></value><value xid='3'  url='?year=2010&bu=927'><![CDATA[3]]></value><value xid='4'  url='?year=2010&bu=928'><![CDATA[0]]></value></graph></graphs><labels><label lid='1'><x>0</x><y>25</y><align>center</align><text><![CDATA[<b>Investigation Graph for 2010</b>]]></text></label><label lid='2'><x>0</x><y>225</y><align>center</align><text><![CDATA[<b>Number of Investigations</b>]]></text></label><label lid='3'><x>5</x><rotate>true</rotate><y>195</y><align>center</align><text><![CDATA[<b>Business Units</b>]]></text></label></labels></chart>