<?xml version='1.0' encoding='UTF-8'?><chart><series><value xid='0'><![CDATA[Transport Officers]]></value><value xid='1'><![CDATA[Administration]]></value><value xid='2'><![CDATA[Customer]]></value><value xid='3'><![CDATA[Head Of State Solicitors]]></value><value xid='4'><![CDATA[State Solicitors]]></value><value xid='5'><![CDATA[Sherry Solicitors]]></value><value xid='6'><![CDATA[McCann Fitzgerald Solicitors]]></value><value xid='7'><![CDATA[Management]]></value><value xid='8'><![CDATA[CP Decision Team]]></value></series><graphs><graph gid='1'><value xid='0'  url='?detailed=1&type=h&bu=1006&year=2011'><![CDATA[1]]></value><value xid='1'  url='?type=h&bu=1007&year=2011'><![CDATA[0]]></value><value xid='2'  url='?detailed=1&type=h&bu=1008&year=2011'><![CDATA[1]]></value><value xid='3'  url='?detailed=1&type=h&bu=1019&year=2011'><![CDATA[1]]></value><value xid='4'  url='?type=h&bu=1020&year=2011'><![CDATA[0]]></value><value xid='5'  url='?type=h&bu=1021&year=2011'><![CDATA[0]]></value><value xid='6'  url='?type=h&bu=1052&year=2011'><![CDATA[0]]></value><value xid='7'  url='?type=h&bu=1053&year=2011'><![CDATA[0]]></value><value xid='8'  url='?type=h&bu=1065&year=2011'><![CDATA[0]]></value></graph></graphs><labels><label lid='1'><x>0</x><y>25</y><align>center</align><text><![CDATA[<b>Accidents By Instructor for Enforcement</b>]]></text></label><label lid='2'><x>0</x><y>335</y><align>center</align><text><![CDATA[<b>Number of Accidents</b>]]></text></label><label lid='3'><x>5</x><rotate>true</rotate><y>305</y><align>center</align><text><![CDATA[<b>Business Unit</b>]]></text></label></labels></chart>