<?xml version='1.0' encoding='UTF-8'?><pie><slice title='Service Officer'  url="?type=p&bu=764&year=2010"><![CDATA[0]]></slice><slice title='Supervisor'  url="?type=p&bu=765&year=2010"><![CDATA[0]]></slice><slice title='Client'  url="?type=p&bu=766&year=2010"><![CDATA[0]]></slice><slice title='Tester'  url="?detailed=1&type=p&bu=767&year=2010"><![CDATA[1]]></slice><slice title='Contractor'  url="?type=p&bu=768&year=2010"><![CDATA[0]]></slice><labels><label lid='1'><x>0</x><y>25</y><align>center</align><text><![CDATA[<b>Accidents By Instructor for 053 RAHENY</b>]]></text></label></labels></pie>