<?xml version='1.0' encoding='UTF-8'?><chart><series><value xid='0'><![CDATA[Enforcement]]></value><value xid='1'><![CDATA[Vehicle Standards]]></value><value xid='2'><![CDATA[Vehicle Standards- Loughrea]]></value><value xid='3'><![CDATA[Driver Tachograph ]]></value><value xid='4'><![CDATA[Commercial Vehicle Testing]]></value><value xid='5'><![CDATA[NCT Contract Management ]]></value><value xid='6'><![CDATA[SIMI]]></value></series><graphs><graph gid='1'><value xid='0'  url='?type=h&bu=543&year=2011'><![CDATA[3]]></value><value xid='1'  url='?type=h&bu=557&year=2011'><![CDATA[0]]></value><value xid='2'  url='?type=h&bu=586&year=2011'><![CDATA[0]]></value><value xid='3'  url='?type=h&bu=654&year=2011'><![CDATA[0]]></value><value xid='4'  url='?type=h&bu=656&year=2011'><![CDATA[0]]></value><value xid='5'  url='?type=h&bu=657&year=2011'><![CDATA[0]]></value><value xid='6'  url='?type=h&bu=1067&year=2011'><![CDATA[0]]></value></graph></graphs><labels><label lid='1'><x>0</x><y>25</y><align>center</align><text><![CDATA[<b>Accidents By Instructor for Standards and Enforcement</b>]]></text></label><label lid='2'><x>0</x><y>255</y><align>center</align><text><![CDATA[<b>Number of Accidents</b>]]></text></label><label lid='3'><x>5</x><rotate>true</rotate><y>225</y><align>center</align><text><![CDATA[<b>Business Unit</b>]]></text></label></labels></chart>