<chart exportEnabled='1' showLegend = '1'   exportAtClient='1' exportHandler='fcExporter1' chartRightMargin='15' showValues='0'  yAxisMinValue='0' yAxisMaxValue='10' adjustDiv='' numDivLines='10' caption='021 LIMERICK 2 - Activity - Accident Occured Number Graph for 2013' chartleftmargin='15' yAxisName='Number of Participants' xAxisName='' bgColor='F1F1F1' canvasBorderThickness='1' canvasBorderColor='999999' plotFillAngle='330' plotBorderColor='999999' showAlternateVGridColor='1' divLineAlpha='0'><categories><category label='0'/><category label='1'/><category label='2'/><category label='3'/><category label='4'/></categories><set  label='Normal Working Hours' value='3' />
<set  label='On Employer-s Premises' value='0' />
<set  label='On Other Private/public Property' value='0' />
<set  label='Outside Working Hours' value='0' />
<set  label='Overtime' value='0' />
</chart>