<?xml version='1.0' encoding='UTF-8'?><chart><series><value xid='0'><![CDATA[Board]]></value><value xid='1'><![CDATA[PR]]></value><value xid='2'><![CDATA[Road Safety]]></value><value xid='3'><![CDATA[009 CLONMEL]]></value><value xid='4'><![CDATA[065  WEXFORD  2]]></value></series><graphs><graph gid='1'><value xid='0'  url='index.php?year=2008&bu=529'><![CDATA[60]]></value><value xid='1'  url='index.php?year=2008&bu=564'><![CDATA[0]]></value><value xid='2'  url='index.php?year=2008&bu=565'><![CDATA[0]]></value><value xid='3'  url='index.php?year=2008&bu=598'><![CDATA[3]]></value><value xid='4'  url='index.php?year=2008&bu=638'><![CDATA[0]]></value></graph></graphs><labels><label lid='1'><x>0</x><y>25</y><align>center</align><text><![CDATA[<b>Accidents Graph for 2008</b>]]></text></label><label lid='2'><x>0</x><y>225</y><align>center</align><text><![CDATA[<b>Number of accidents</b>]]></text></label><label lid='3'><x>5</x><rotate>true</rotate><y>195</y><align>center</align><text><![CDATA[<b>Company Name</b>]]></text></label></labels></chart>