<?xml version='1.0' encoding='UTF-8'?><pie><slice title='Service Officer'  url="accident_pie.php?year=2010&bu=899"><![CDATA[0]]></slice><slice title='Supervisor'  url="accident_pie.php?year=2010&bu=900"><![CDATA[0]]></slice><slice title='Client'  url="accident_pie.php?year=2010&bu=901"><![CDATA[0]]></slice><slice title='Tester'  url="accident_pie.php?year=2010&bu=902"><![CDATA[3]]></slice><slice title='Contractor'  url="accident_pie.php?year=2010&bu=903"><![CDATA[0]]></slice><labels><label lid='1'><x>0</x><y>25</y><align>center</align><text><![CDATA[<b>033 SHANNON - Accidents Graph for 2010</b>]]></text></label></labels></pie>