<?xml version='1.0' encoding='UTF-8'?><chart><series><value xid='0'><![CDATA[Tester, 045 CHURCHTOWN]]></value><value xid='1'><![CDATA[Tester, 052 TALLAGHT]]></value></series><graphs><graph gid='1'><value xid='0'  url='?detailed=1&type=h&bu=802&year=2011&level=1'><![CDATA[1]]></value><value xid='1'  url='?detailed=1&type=h&bu=735&year=2011&level=1'><![CDATA[1]]></value></graph></graphs><labels><label lid='1'><x>0</x><y>25</y><align>center</align><text><![CDATA[<b>Accidents By Instructor for South Leinster</b>]]></text></label><label lid='2'><x>0</x><y>225</y><align>center</align><text><![CDATA[<b>Number of Accidents</b>]]></text></label><label lid='3'><x>5</x><rotate>true</rotate><y>195</y><align>center</align><text><![CDATA[<b>Business Unit</b>]]></text></label></labels></chart>