<?xml version='1.0' encoding='UTF-8'?><chart><series><value xid='0'><![CDATA[Board]]></value><value xid='1'><![CDATA[PR]]></value><value xid='2'><![CDATA[Road Safety]]></value><value xid='3'><![CDATA[009 CLONMEL]]></value><value xid='4'><![CDATA[065  WEXFORD  2]]></value></series><graphs><graph gid='1'><value xid='0'  url='?type=h&bu=529&year=2009'><![CDATA[78]]></value><value xid='1'  url='?type=h&bu=564&year=2009'><![CDATA[0]]></value><value xid='2'  url='?type=h&bu=565&year=2009'><![CDATA[0]]></value><value xid='3'  url='?type=h&bu=598&year=2009'><![CDATA[0]]></value><value xid='4'  url='?type=h&bu=638&year=2009'><![CDATA[0]]></value></graph></graphs><labels><label lid='1'><x>0</x><y>25</y><align>center</align><text><![CDATA[<b>Accidents By Instructor for All Business Units</b>]]></text></label><label lid='2'><x>0</x><y>225</y><align>center</align><text><![CDATA[<b>Number of Accidents</b>]]></text></label><label lid='3'><x>5</x><rotate>true</rotate><y>195</y><align>center</align><text><![CDATA[<b>Business Unit</b>]]></text></label></labels></chart>