<?xml version='1.0' encoding='UTF-8'?><chart><series><value xid='0'><![CDATA[Standards And Enforcement]]></value><value xid='1'><![CDATA[Driver Testing And Licencing]]></value><value xid='2'><![CDATA[Corporate Services]]></value><value xid='3'><![CDATA[Road Safety, Research And Driver Education]]></value><value xid='4'><![CDATA[Visitor(s)]]></value><value xid='5'><![CDATA[An Garda S�ochana]]></value><value xid='6'><![CDATA[Employee]]></value><value xid='7'><![CDATA[DoT]]></value><value xid='8'><![CDATA[Bank]]></value><value xid='9'><![CDATA[Fujitsu]]></value><value xid='10'><![CDATA[ Minister/TD]]></value><value xid='11'><![CDATA[Residents Association]]></value></series><graphs><graph gid='1'><value xid='0'  url='?type=h&bu=528&year=2011'><![CDATA[0]]></value><value xid='1'  url='?type=h&bu=539&year=2011'><![CDATA[7]]></value><value xid='2'  url='?type=h&bu=540&year=2011'><![CDATA[0]]></value><value xid='3'  url='?type=h&bu=541&year=2011'><![CDATA[0]]></value><value xid='4'  url='?type=h&bu=1002&year=2011'><![CDATA[0]]></value><value xid='5'  url='?type=h&bu=1016&year=2011'><![CDATA[0]]></value><value xid='6'  url='?type=h&bu=1046&year=2011'><![CDATA[0]]></value><value xid='7'  url='?type=h&bu=1051&year=2011'><![CDATA[0]]></value><value xid='8'  url='?type=h&bu=1066&year=2011'><![CDATA[0]]></value><value xid='9'  url='?type=h&bu=1074&year=2011'><![CDATA[0]]></value><value xid='10'  url='?type=h&bu=1084&year=2011'><![CDATA[0]]></value><value xid='11'  url='?type=h&bu=1085&year=2011'><![CDATA[0]]></value></graph></graphs><labels><label lid='1'><x>0</x><y>25</y><align>center</align><text><![CDATA[<b>Accidents By Instructor for Board</b>]]></text></label><label lid='2'><x>0</x><y>455</y><align>center</align><text><![CDATA[<b>Number of Accidents</b>]]></text></label><label lid='3'><x>5</x><rotate>true</rotate><y>425</y><align>center</align><text><![CDATA[<b>Business Unit</b>]]></text></label></labels></chart>