<?xml version='1.0' encoding='UTF-8'?><chart><series><value xid='0'><![CDATA[Service Officer]]></value><value xid='1'><![CDATA[Supervisor]]></value><value xid='2'><![CDATA[Client]]></value><value xid='3'><![CDATA[Tester]]></value><value xid='4'><![CDATA[Contractor]]></value></series><graphs><graph gid='1'><value xid='0'  url='index.php?year=2012&bu=834'><![CDATA[0]]></value><value xid='1'  url='index.php?year=2012&bu=835'><![CDATA[0]]></value><value xid='2'  url='index.php?year=2012&bu=836'><![CDATA[0]]></value><value xid='3'  url='index.php?year=2012&bu=837'><![CDATA[0]]></value><value xid='4'  url='index.php?year=2012&bu=838'><![CDATA[0]]></value></graph></graphs><labels><label lid='1'><x>0</x><y>25</y><align>center</align><text><![CDATA[<b>014 ENNIS - Accidents Graph for 2012</b>]]></text></label><label lid='2'><x>0</x><y>225</y><align>center</align><text><![CDATA[<b>Number of accidents</b>]]></text></label><label lid='3'><x>5</x><rotate>true</rotate><y>195</y><align>center</align><text><![CDATA[<b>Business Units</b>]]></text></label></labels></chart>