<?xml version='1.0' encoding='UTF-8'?><chart><series><value xid='0'><![CDATA[Service Officer]]></value><value xid='1'><![CDATA[Supervisor]]></value><value xid='2'><![CDATA[Client]]></value><value xid='3'><![CDATA[Tester]]></value><value xid='4'><![CDATA[Contractor]]></value></series><graphs><graph gid='1'><value xid='0'  url='index.php?year=2011&bu=774'><![CDATA[0]]></value><value xid='1'  url='index.php?year=2011&bu=775'><![CDATA[0]]></value><value xid='2'  url='index.php?year=2011&bu=776'><![CDATA[0]]></value><value xid='3'  url='index.php?year=2011&bu=777'><![CDATA[3]]></value><value xid='4'  url='index.php?year=2011&bu=778'><![CDATA[0]]></value></graph></graphs><labels><label lid='1'><x>0</x><y>25</y><align>center</align><text><![CDATA[<b>028 NAVAN - Accidents Rate Graph for 2011</b>]]></text></label><label lid='2'><x>0</x><y>225</y><align>center</align><text><![CDATA[<b>Rate of accidents</b>]]></text></label><label lid='3'><x>5</x><rotate>true</rotate><y>195</y><align>center</align><text><![CDATA[<b>Business Units</b>]]></text></label></labels></chart>