<?xml version='1.0' encoding='UTF-8'?><chart><series><value xid='0'><![CDATA[004 CARLOW, South East]]></value><value xid='1'><![CDATA[016 GOREY, South East]]></value><value xid='2'><![CDATA[Tester, 017 KILKENNY]]></value><value xid='3'><![CDATA[017 KILKENNY, South East]]></value><value xid='4'><![CDATA[Tester, 029 NENAGH]]></value><value xid='5'><![CDATA[Tester, 031 PORTLAOISE]]></value><value xid='6'><![CDATA[036 THURLES, South East]]></value><value xid='7'><![CDATA[Tester, 042 WEXFORD]]></value><value xid='8'><![CDATA[042 WEXFORD, South East]]></value></series><graphs><graph gid='1'><value xid='0'  url='?detailed=1&type=h&bu=593&year=2010&level=1'><![CDATA[1]]></value><value xid='1'  url='?detailed=1&type=h&bu=604&year=2010&level=1'><![CDATA[1]]></value><value xid='2'  url='?detailed=1&type=h&bu=887&year=2010&level=1'><![CDATA[3]]></value><value xid='3'  url='?detailed=1&type=h&bu=606&year=2010&level=1'><![CDATA[1]]></value><value xid='4'  url='?detailed=1&type=h&bu=867&year=2010&level=1'><![CDATA[1]]></value><value xid='5'  url='?detailed=1&type=h&bu=937&year=2010&level=1'><![CDATA[1]]></value><value xid='6'  url='?detailed=1&type=h&bu=625&year=2010&level=1'><![CDATA[1]]></value><value xid='7'  url='?detailed=1&type=h&bu=827&year=2010&level=1'><![CDATA[1]]></value><value xid='8'  url='?detailed=1&type=h&bu=631&year=2010&level=1'><![CDATA[0]]></value></graph></graphs><labels><label lid='1'><x>0</x><y>25</y><align>center</align><text><![CDATA[<b>Accidents By Instructor for South East</b>]]></text></label><label lid='2'><x>0</x><y>515</y><align>center</align><text><![CDATA[<b>Number of Accidents</b>]]></text></label><label lid='3'><x>5</x><rotate>true</rotate><y>485</y><align>center</align><text><![CDATA[<b>Business Unit</b>]]></text></label></labels></chart>