<?xml version='1.0' encoding='UTF-8'?><chart><series><value xid='0'><![CDATA[First Aid]]></value><value xid='1'><![CDATA[Gen Pract]]></value><value xid='2'><![CDATA[Hospital]]></value><value xid='3'><![CDATA[Medical Center]]></value><value xid='4'><![CDATA[None]]></value></series><graphs><graph gid='1'><value xid='0' ><![CDATA[1]]></value><value xid='1' ><![CDATA[0]]></value><value xid='2' ><![CDATA[0]]></value><value xid='3' ><![CDATA[0]]></value><value xid='4' ><![CDATA[34]]></value></graph></graphs><labels><label lid='1'><x>0</x><y>25</y><align>center</align><text><![CDATA[<b> Type of Treatment Activity Graph</b>]]></text></label><label lid='2'><x>5</x><rotate>true</rotate><y>195</y><align>center</align><text><![CDATA[<b>Type of Treatment</b>]]></text></label></labels></chart>