<?xml version='1.0' encoding='UTF-8'?><chart><series><value xid='0'><![CDATA[Tester, 010 Cork]]></value><value xid='1'><![CDATA[Tester, 021 LIMERICK 1]]></value><value xid='2'><![CDATA[021 LIMERICK 1, South West]]></value><value xid='3'><![CDATA[Tester, 024 MALLOW]]></value><value xid='4'><![CDATA[Tester, 030 NEWCASTLE WEST]]></value><value xid='5'><![CDATA[030 NEWCASTLE WEST, South West]]></value><value xid='6'><![CDATA[Tester, 033 SHANNON]]></value><value xid='7'><![CDATA[033 SHANNON, South West]]></value></series><graphs><graph gid='1'><value xid='0'  url='?detailed=1&type=h&bu=927&year=2010&level=1'><![CDATA[7]]></value><value xid='1'  url='?detailed=1&type=h&bu=877&year=2010&level=1'><![CDATA[2]]></value><value xid='2'  url='?detailed=1&type=h&bu=610&year=2010&level=1'><![CDATA[0]]></value><value xid='3'  url='?detailed=1&type=h&bu=872&year=2010&level=1'><![CDATA[2]]></value><value xid='4'  url='?detailed=1&type=h&bu=862&year=2010&level=1'><![CDATA[2]]></value><value xid='5'  url='?detailed=1&type=h&bu=619&year=2010&level=1'><![CDATA[1]]></value><value xid='6'  url='?detailed=1&type=h&bu=902&year=2010&level=1'><![CDATA[3]]></value><value xid='7'  url='?detailed=1&type=h&bu=622&year=2010&level=1'><![CDATA[1]]></value></graph></graphs><labels><label lid='1'><x>0</x><y>25</y><align>center</align><text><![CDATA[<b>Accidents By Instructor for South West</b>]]></text></label><label lid='2'><x>0</x><y>455</y><align>center</align><text><![CDATA[<b>Number of Accidents</b>]]></text></label><label lid='3'><x>5</x><rotate>true</rotate><y>425</y><align>center</align><text><![CDATA[<b>Business Unit</b>]]></text></label></labels></chart>