<?xml version='1.0' encoding='UTF-8'?><chart><series><value xid='0'><![CDATA[Normal working hours]]></value><value xid='1'><![CDATA[On Employer's premises]]></value><value xid='2'><![CDATA[On Other private/public property]]></value><value xid='3'><![CDATA[Outside working hours]]></value><value xid='4'><![CDATA[Overtime]]></value></series><graphs><graph gid='1'><value xid='0' ><![CDATA[34]]></value><value xid='1' ><![CDATA[1]]></value><value xid='2' ><![CDATA[0]]></value><value xid='3' ><![CDATA[0]]></value><value xid='4' ><![CDATA[0]]></value></graph></graphs><labels><label lid='1'><x>0</x><y>25</y><align>center</align><text><![CDATA[<b>Accident Occured Activity Graph</b>]]></text></label><label lid='2'><x>5</x><rotate>true</rotate><y>195</y><align>center</align><text><![CDATA[<b>Accident Occured</b>]]></text></label></labels></chart>