<?xml version='1.0' encoding='UTF-8'?><chart><series><value xid='0'><![CDATA[008  CLIFDEN]]></value><value xid='1'><![CDATA[014 ENNIS]]></value><value xid='2'><![CDATA[015 GALWAY]]></value><value xid='3'><![CDATA[019 KILRUSH]]></value><value xid='4'><![CDATA[023 LOUGHREA]]></value><value xid='5'><![CDATA[032 ROSCOMMON]]></value><value xid='6'><![CDATA[039 TUAM]]></value><value xid='7'><![CDATA[041 ATHLONE DTC]]></value><value xid='8'><![CDATA[002 BIRR]]></value></series><graphs><graph gid='1'><value xid='0'  url='?detailed=1&type=h&bu=597&year=2011'><![CDATA[1]]></value><value xid='1'  url='?type=h&bu=602&year=2011'><![CDATA[0]]></value><value xid='2'  url='?type=h&bu=603&year=2011'><![CDATA[0]]></value><value xid='3'  url='?type=h&bu=608&year=2011'><![CDATA[0]]></value><value xid='4'  url='?type=h&bu=612&year=2011'><![CDATA[0]]></value><value xid='5'  url='?type=h&bu=621&year=2011'><![CDATA[0]]></value><value xid='6'  url='?type=h&bu=628&year=2011'><![CDATA[0]]></value><value xid='7'  url='?type=h&bu=640&year=2011'><![CDATA[0]]></value><value xid='8'  url='?type=h&bu=691&year=2011'><![CDATA[0]]></value></graph></graphs><labels><label lid='1'><x>0</x><y>25</y><align>center</align><text><![CDATA[<b>Accidents By Instructor for West</b>]]></text></label><label lid='2'><x>0</x><y>335</y><align>center</align><text><![CDATA[<b>Number of Accidents</b>]]></text></label><label lid='3'><x>5</x><rotate>true</rotate><y>305</y><align>center</align><text><![CDATA[<b>Business Unit</b>]]></text></label></labels></chart>