<?xml version='1.0' encoding='UTF-8'?><chart><series><value xid='0'><![CDATA[Alan Hickey]]></value><value xid='1'><![CDATA[Noel Butler]]></value><value xid='2'><![CDATA[Michael Kelly]]></value><value xid='3'><![CDATA[Brendan Mulhall]]></value><value xid='4'><![CDATA[Carmel Moran]]></value><value xid='5'><![CDATA[Michael Mc Caffrey ]]></value><value xid='6'><![CDATA[Damien O Higgins]]></value><value xid='7'><![CDATA[Mary Louise Wall]]></value><value xid='8'><![CDATA[Alan Fairbairn]]></value></series><graphs><graph gid='1'><value xid='0' ><![CDATA[1]]></value><value xid='1' ><![CDATA[2]]></value><value xid='2' ><![CDATA[2]]></value><value xid='3' ><![CDATA[1]]></value><value xid='4' ><![CDATA[1]]></value><value xid='5' ><![CDATA[1]]></value><value xid='6' ><![CDATA[1]]></value><value xid='7' ><![CDATA[1]]></value><value xid='8' ><![CDATA[1]]></value></graph></graphs><labels><label lid='1'><x>0</x><y>25</y><align>center</align><text><![CDATA[<b>Accidents By Instructor for Tester</b>]]></text></label><label lid='2'><x>0</x><y>335</y><align>center</align><text><![CDATA[<b>Number of Accidents</b>]]></text></label><label lid='3'><x>5</x><rotate>true</rotate><y>305</y><align>center</align><text><![CDATA[<b>Instructor</b>]]></text></label></labels></chart>