<?xml version='1.0' encoding='UTF-8'?><chart><series><value xid='0'><![CDATA[James Ferguson]]></value></series><graphs><graph gid='1'><value xid='0' ><![CDATA[1]]></value></graph></graphs><labels><label lid='1'><x>0</x><y>25</y><align>center</align><text><![CDATA[<b>Accidents By Instructor for Transport Officers</b>]]></text></label><label lid='2'><x>0</x><y>225</y><align>center</align><text><![CDATA[<b>Number of Accidents</b>]]></text></label><label lid='3'><x>5</x><rotate>true</rotate><y>195</y><align>center</align><text><![CDATA[<b>Instructor</b>]]></text></label></labels></chart>