<?xml version='1.0' encoding='UTF-8'?><chart><series><value xid='0'><![CDATA[Service Officer]]></value><value xid='1'><![CDATA[Supervisor]]></value><value xid='2'><![CDATA[Client]]></value><value xid='3'><![CDATA[Tester]]></value><value xid='4'><![CDATA[Contractor]]></value></series><graphs><graph gid='1'><value xid='0'  url='?type=h&bu=789&year=2009'><![CDATA[0]]></value><value xid='1'  url='?type=h&bu=790&year=2009'><![CDATA[0]]></value><value xid='2'  url='?type=h&bu=791&year=2009'><![CDATA[0]]></value><value xid='3'  url='?type=h&bu=792&year=2009'><![CDATA[0]]></value><value xid='4'  url='?type=h&bu=793&year=2009'><![CDATA[0]]></value></graph></graphs><labels><label lid='1'><x>0</x><y>25</y><align>center</align><text><![CDATA[<b>Accidents By Instructor for 012 DUNDALK</b>]]></text></label><label lid='2'><x>0</x><y>225</y><align>center</align><text><![CDATA[<b>Number of Accidents</b>]]></text></label><label lid='3'><x>5</x><rotate>true</rotate><y>195</y><align>center</align><text><![CDATA[<b>Business Unit</b>]]></text></label></labels></chart>