<?xml version="1.0" encoding="ISO-8859-1"?>
<templates>
	<template>
		<uid>RISK</uid>
		<module>risk</module>
		<html_template>risk.html.tpl</html_template>
		<text_template>reporttest.text.tpl</text_template>
	</template>
	<template>
		<uid>RISK_AU</uid>
		<module>risk</module>
		<html_template>risk_au.html.tpl</html_template>
		<text_template>risk_au.text.tpl</text_template>
	</template>
	<template>
		<uid>INCIDENCE</uid>
		<module>incidence</module>
		<html_template>incidence.html.tpl</html_template>
		<text_template>incidence.text.tpl</text_template>
	</template>
	<template>
		<uid>INCIDENCE_AU</uid>
		<module>incidence</module>
		<html_template>incidence_au.html.tpl</html_template>
		<text_template>incidence_au.text.tpl</text_template>
	</template>
	<template>
		<uid>INVESTIGATION</uid>
		<module>investigation</module>
		<html_template>investigation.html.tpl</html_template>
		<text_template>investigation.text.tpl</text_template>
	</template>
	<template>
		<uid>INVESTIGATION_AU</uid>
		<module>investigation</module>
		<html_template>investigation_au.html.tpl</html_template>
		<text_template>investigation_au.text.tpl</text_template>
	</template>
	<template>
		<uid>INVESTIGATION_ACTION_DONE</uid>
		<module>investigation</module>
		<html_template>investigation_action_done.html.tpl</html_template>
		<text_template>investigation_action_done.text.tpl</text_template>
	</template>
	<template>
		<uid>NHP</uid>
		<module>nhp</module>
		<html_template>nhp.html.tpl</html_template>
		<text_template>nhp.text.tpl</text_template>
	</template>
	<template>
		<uid>NHP_AU</uid>
		<module>nhp</module>
		<html_template>nhp_au.html.tpl</html_template>
		<text_template>nhp_au.text.tpl</text_template>
	</template>
	<template>
		<uid>DSE</uid>
		<module>dse</module>
		<html_template>dse.html.tpl</html_template>
		<text_template>dse.text.tpl</text_template>
	</template>
	<template>
		<uid>MANUALHANDLING</uid>
		<module>mhandling</module>
		<html_template>manual.html.tpl</html_template>
		<text_template>manual.text.tpl</text_template>
	</template>
	<template>
		<uid>COMPLAINT</uid>
		<module>complaint</module>
		<html_template>complaint.html.tpl</html_template>
		<text_template>complaint.text.tpl</text_template>
	</template>
	<template>
		<uid>RISK27K</uid>
		<module>risk27k</module>
		<html_template>risk27k.html.tpl</html_template>
		<text_template>risk27k.text.tpl</text_template>
	</template>
	<template>
		<uid>RISK27K_AU</uid>
		<module>risk27k</module>
		<html_template>risk27k_au.html.tpl</html_template>
		<text_template>risk27k_au.text.tpl</text_template>
	</template>
	<template>
		<uid>INSPECTIONC</uid>
		<module>inspection</module>
		<html_template>inspectionccp.html.tpl</html_template>
		<text_template>inspectionccp.text.tpl</text_template>
	</template>
	<template>
		<uid>INSPECTIONC_AU</uid>
		<module>inspection</module>
		<html_template>inspectionccp_au.html.tpl</html_template>
		<text_template>inspectionccp_au.text.tpl</text_template>
	</template>
	<template>
		<uid>INSPECTIONR</uid>
		<module>inspection</module>
		<html_template>inspectionrisk.html.tpl</html_template>
		<text_template>inspectionrisk.text.tpl</text_template>
	</template>
	<template>
		<uid>INSPECTIONR_AU</uid>
		<module>inspection</module>
		<html_template>inspectionrisk_au.html.tpl</html_template>
		<text_template>inspectionrisk_au.text.tpl</text_template>
	</template>
	<template>
		<uid>INSPECTIONM</uid>
		<module>inspection</module>
		<html_template>inspectionmgt.html.tpl</html_template>
		<text_template>inspectionmgt.text.tpl</text_template>
	</template>
	<template>
		<uid>INSPECTIONH</uid>
		<module>inspection</module>
		<html_template>inspectionhzd.html.tpl</html_template>
		<text_template>inspectionhzd.text.tpl</text_template>
	</template>
	<template>
		<uid>INSPECTIONH_AU</uid>
		<module>inspection</module>
		<html_template>inspectionhzd_au.html.tpl</html_template>
		<text_template>inspectionhzd_au.text.tpl</text_template>
	</template>
	<template>
		<uid>INSPECTIONAH</uid>
		<module>inspection</module>
		<html_template>inspectionahzd.html.tpl</html_template>
		<text_template>inspectionahzd.text.tpl</text_template>
	</template>
	<template>
		<uid>INSPECTIONAH_AU</uid>
		<module>inspection</module>
		<html_template>inspectionahzd_au.html.tpl</html_template>
		<text_template>inspectionahzd_au.text.tpl</text_template>
	</template>
	<template>
		<uid>UPLOADDOCUMENT</uid>
		<module>document</module>
		<html_template>upldocument.html.tpl</html_template>
		<text_template>upldocument.text.tpl</text_template>
	</template>
	<template>
		<uid>ALERTDOCUMENT</uid>
		<module>document</module>
		<html_template>alrtdocument.html.tpl</html_template>
		<text_template>alrtdocument.text.tpl</text_template>
	</template>
	<template>
		<uid>REPLACEDOCUMENT</uid>
		<module>document</module>
		<html_template>rplcdocument.html.tpl</html_template>
		<text_template>rplcdocument.text.tpl</text_template>
	</template>
	<template>
		<uid>ASSIGNDOCUMENT</uid>
		<module>document</module>
		<html_template>assigndocument.html.tpl</html_template>
		<text_template>assigndocument.text.tpl</text_template>
	</template>
	<template>
		<uid>AGREEALERTDOCUMENT</uid>
		<module>document</module>
		<html_template>agreealrtdocument.html.tpl</html_template>
		<text_template>agreealrtdocument.text.tpl</text_template>
	</template>
	<template>
		<uid>NHPACTION</uid>
		<module>nhpaction</module>
		<html_template>nhpactionmail.html.tpl</html_template>
		<text_template>nhpactionmail.text.tpl</text_template>
	</template>
	<template>
		<uid>RISKACTION</uid>
		<module>riskaction</module>
		<html_template>riskactionemail.html.tpl</html_template>
		<text_template>riskactionemail.text.tpl</text_template>
	</template>
	<template>
		<uid>INCIDENCEACTION</uid>
		<module>incidenceaction</module>
		<html_template>incidenceactionmail.html.tpl</html_template>
		<text_template>incidenceactionmail.text.tpl</text_template>
	</template>
	<template>
		<uid>INVESTIGATIONACTION</uid>
		<module>investigationaction</module>
		<html_template>investigationactionmail.html.tpl</html_template>
		<text_template>investigationactionmail.text.tpl</text_template>
	</template>
	<template>
		<uid>RISK27KACTION</uid>
		<module>risk27kaction</module>
		<html_template>risk27kactionmail.html.tpl</html_template>
		<text_template>risk27kactionmail.text.tpl</text_template>
	</template>
	<template>
		<uid>MANUALHANDLINGTASKACTION</uid>
		<module>manualhandlingtaskaction</module>
		<html_template>manualhandlingtaskactionmail.html.tpl</html_template>
		<text_template>manualhandlingtaskactionmail.text.tpl</text_template>
	</template>
	<template>
		<uid>DSEACTION</uid>
		<module>dseaction</module>
		<html_template>dseactionemail.html.tpl</html_template>
		<text_template>dseactionemail.text.tpl</text_template>
	</template>
	<template>
		<uid>INSPECTIONACTION</uid>
		<module>inspectionaction</module>
		<html_template>inspectionactionemail.html.tpl</html_template>
		<text_template>inspectionactionemail.text.tpl</text_template>
	</template>
	<template>
		<uid>RISKINVALID</uid>
		<module>riskInvalid</module>
		<html_template>riskinvalid.html.tpl</html_template>
		<text_template>riskinvalid.text.tpl</text_template>
	</template>
	<template>
		<uid>EQUIPCALIBMAINT</uid>
		<module>equip</module>
		<html_template>equip.html.tpl</html_template>
		<text_template>equip.text.tpl</text_template>
	</template>
	<template>
		<uid>ASSIGNCOURSEP</uid>
		<module>training</module>
		<html_template>assignCourseParticipant.html.tpl</html_template>
		<text_template>assignCourseParticipant.text.tpl</text_template>
	</template>
	<template>
		<uid>ASSIGNCOURSET</uid>
		<module>training</module>
		<html_template>assignCourseTutor.html.tpl</html_template>
		<text_template>assignCourseTutor.text.tpl</text_template>
	</template>
	<template>
		<uid>TRAINING_INVALID_COURSE</uid>
		<module>training</module>
		<html_template>training_invalid_course.html.tpl</html_template>
		<text_template>training_invalid_course.text.tpl</text_template>
	</template>
	<template>
		<uid>TRAINING_INVALID_COURSE_MANAGER</uid>
		<module>training</module>
		<html_template>training_invalid_course_manager.html.tpl</html_template>
		<text_template>training_invalid_course_manager.text.tpl</text_template>
	</template>
	<template>
		<uid>INCIDENCENOPROCESS</uid>
		<module>incidence</module>
		<html_template>incidencenoprocess.html.tpl</html_template>
		<text_template>incidencenoprocess.text.tpl</text_template>
	</template>
	<template>
		<uid>INCIDENCENOPROCESSSELF</uid>
		<module>incidence</module>
		<html_template>incidencenoprocessself.html.tpl</html_template>
		<text_template>incidencenoprocessself.text.tpl</text_template>
	</template>
	<template>
		<uid>DSENOPROCESS</uid>
		<module>incidence</module>
		<html_template>dsenoprocess.html.tpl</html_template>
		<text_template>dsenoprocess.pdf.tpl</text_template>
	</template>
	<template>
		<uid>DSENOPROCESSSELF</uid>
		<module>incidence</module>
		<html_template>dsenoprocessself.html.tpl</html_template>
		<text_template>dsenoprocessself.pdf.tpl</text_template>
	</template>
	<template>
		<uid>RECORDTRACKING</uid>
		<module>recordTracking</module>
		<html_template>recordtracking.html.tpl</html_template>
		<text_template>recordtracking.pdf.tpl</text_template>
	</template>
	<template>
		<uid>NHCINVESTIGATION</uid>
		<module>nhcInvestigation</module>
		<html_template>nhc_investigation.html.tpl</html_template>
		<text_template>nhc_investigation.text.tpl</text_template>
	</template>
	<template>
		<uid>NHCINVESTIGATION_AU</uid>
		<module>nhcInvestigation</module>
		<html_template>nhc_investigation_au.html.tpl</html_template>
		<text_template>nhc_investigation_au.text.tpl</text_template>
	</template>
	<template>
		<uid>INCIDENCEACTIONREPORTABLE</uid>
		<module>incidence</module>
		<html_template>incidenceactionreportable.html.tpl</html_template>
		<text_template>incidenceactionreportable.text.tpl</text_template>
	</template>
 <template>
		<uid>TRAINING_INVALID_COURSE_ASSOCIATE_MANAGER</uid>
		<module>training</module>
		<html_template>training_invalid_course_associate_manager.html.tpl</html_template>
		<text_template>training_invalid_course_associate_manager.text.tpl</text_template>
	</template>
 <template>
		<uid>TRAINING_DUE_COURSE</uid>
		<module>training</module>
		<html_template>training_due_course.html.tpl</html_template>
		<text_template>training_due_course.text.tpl</text_template>
	</template>
 <template>
		<uid>TRAINING_DUE_COURSE_ASSOCIATE_MANAGER</uid>
		<module>training</module>
		<html_template>training_due_course_associate_manager.html.tpl</html_template>
		<text_template>training_due_course_associate_manager.text.tpl</text_template>
	</template>
 <template>
		<uid>TRAINING_DUE_COURSE_MANAGER</uid>
		<module>training</module>
		<html_template>training_due_course_manager.html.tpl</html_template>
		<text_template>training_due_course_manager.text.tpl</text_template>
	</template>
	<template>
		<uid>NHC_INVESTIGATIONACTION</uid>
		<module>NhcInvestigationaction</module>
		<html_template>nhcinvestigationactionmail.html.tpl</html_template>
		<text_template>nhcinvestigationactionmail.text.tpl</text_template>
	</template>
	<template>
		<uid>OVERDUEACTIONS</uid>
		<module>overdue</module>
		<html_template>overdue.html.tpl</html_template>
		<text_template>overdue.text.tpl</text_template>
	</template>
 <template>
		<uid>INCIDENCE_DI_AU_ALERT</uid>
		<module>incidence</module>
		<html_template>incidence_di_au_alert.html.tpl</html_template>
		<text_template>incidence_di_au_alert.text.tpl</text_template>
	</template>
 <template>
		<uid>NHP_DI_AU_ALERT</uid>
		<module>nhcInvestigation</module>
		<html_template>nhp_di_au_alert.html.tpl</html_template>
		<text_template>nhp_di_au_alert.text.tpl</text_template>
	</template>
 <template>
		<uid>INCIDENCE_ACC_REP_AU_ALERT</uid>
		<module>incidence</module>
		<html_template>incidence_acc_rep_au_alert.html.tpl</html_template>
		<text_template>incidence_acc_rep_au_alert.text.tpl</text_template>
	</template>
</templates>